window_a_label,protein_a,chain_a,segment_label_a,window_id_a,window_center_seq_index_a,relative_window_center_in_segment_a,window_b_label,protein_b,chain_b,segment_label_b,window_id_b,window_center_seq_index_b,relative_window_center_in_segment_b,distance_euclidean_zspace,similarity_score,same_protein,same_chain,same_segment
1FNA_A_seg000_win00001,1FNA,A,1FNA_A_seg000,win00001,8.5,0.095505617977528,2IGF_H_seg000_win00038,2IGF,H,2IGF_H_seg000,win00038,45.5,0.3345588235294117,1.9076456888744548,0.34392085797327615,False,False,False
1FNA_A_seg000_win00006,1FNA,A,1FNA_A_seg000,win00006,13.5,0.1516853932584269,1PKK_A_seg000_win00084,1PKK,A,1PKK_A_seg000,win00084,91.5,0.5083333333333333,1.5974767838644603,0.38498900402575503,False,True,False
1FNA_A_seg000_win00007,1FNA,A,1FNA_A_seg000,win00007,14.5,0.1629213483146067,2PTN_A_seg004_win00018,2PTN,A,2PTN_A_seg004,win00018,136.5,0.51,1.261062182253462,0.44227001267314164,False,True,False
1FNA_A_seg000_win00011,1FNA,A,1FNA_A_seg000,win00011,18.5,0.2078651685393258,1TEN_A_seg000_win00018,1TEN,A,1TEN_A_seg000,win00018,25.5,0.293103448275862,0.661411774365784,0.6018977446947089,False,True,False
1FNA_A_seg000_win00032,1FNA,A,1FNA_A_seg000,win00032,39.5,0.4438202247191011,2IGF_H_seg000_win00053,2IGF,H,2IGF_H_seg000,win00053,60.5,0.4448529411764705,1.140401432552921,0.4672020793815625,False,False,False
1FNA_A_seg000_win00034,1FNA,A,1FNA_A_seg000,win00034,41.5,0.4662921348314606,2IGF_H_seg000_win00054,2IGF,H,2IGF_H_seg000,win00054,61.5,0.4522058823529412,0.8143429912640011,0.5511637021307247,False,False,False
1FNA_A_seg000_win00035,1FNA,A,1FNA_A_seg000,win00035,42.5,0.4775280898876404,2IGF_H_seg000_win00084,2IGF,H,2IGF_H_seg000,win00084,91.5,0.6727941176470589,1.0466405322926025,0.4886055876553083,False,False,False
1FNA_A_seg000_win00036,1FNA,A,1FNA_A_seg000,win00036,43.5,0.4887640449438202,1TEN_A_seg000_win00045,1TEN,A,1TEN_A_seg000,win00045,52.5,0.603448275862069,0.46510185736437726,0.6825464011075209,False,True,False
1FNA_A_seg000_win00040,1FNA,A,1FNA_A_seg000,win00040,47.5,0.5337078651685393,1TEN_A_seg000_win00043,1TEN,A,1TEN_A_seg000,win00043,50.5,0.5804597701149425,0.392697594372552,0.7180309666941926,False,True,False
1FNA_A_seg000_win00043,1FNA,A,1FNA_A_seg000,win00043,50.5,0.5674157303370787,1TEN_A_seg000_win00048,1TEN,A,1TEN_A_seg000,win00048,55.5,0.6379310344827587,0.17374685077473473,0.8519724669249996,False,True,False
1FNA_A_seg000_win00045,1FNA,A,1FNA_A_seg000,win00045,52.5,0.5898876404494382,1TEN_A_seg000_win00049,1TEN,A,1TEN_A_seg000,win00049,56.5,0.6494252873563219,0.292384639865831,0.7737634518031838,False,True,False
1FNA_A_seg000_win00046,1FNA,A,1FNA_A_seg000,win00046,53.5,0.601123595505618,1TEN_A_seg000_win00050,1TEN,A,1TEN_A_seg000,win00050,57.5,0.6609195402298851,0.26077715227648995,0.7931615814851781,False,True,False
1FNA_A_seg000_win00048,1FNA,A,1FNA_A_seg000,win00048,55.5,0.6235955056179775,1TEN_A_seg000_win00052,1TEN,A,1TEN_A_seg000,win00052,59.5,0.6839080459770115,0.548048564134493,0.6459745664110321,False,True,False
1FNA_A_seg000_win00049,1FNA,A,1FNA_A_seg000,win00049,56.5,0.6348314606741573,1TEN_A_seg000_win00053,1TEN,A,1TEN_A_seg000,win00053,60.5,0.6954022988505747,1.109571910446619,0.4740298233248134,False,True,False
1FNA_A_seg000_win00050,1FNA,A,1FNA_A_seg000,win00050,57.5,0.6460674157303371,1PKK_A_seg000_win00145,1PKK,A,1PKK_A_seg000,win00145,152.5,0.8472222222222222,1.9448528921098673,0.33957553624471226,False,True,False
1FNA_A_seg000_win00053,1FNA,A,1FNA_A_seg000,win00053,60.5,0.6797752808988764,1TEN_A_seg000_win00057,1TEN,A,1TEN_A_seg000,win00057,64.5,0.7413793103448276,1.5415647035153148,0.393458407183917,False,True,False
1FNA_A_seg000_win00054,1FNA,A,1FNA_A_seg000,win00054,61.5,0.6910112359550562,1TEN_A_seg000_win00055,1TEN,A,1TEN_A_seg000,win00055,62.5,0.7183908045977011,1.1509104701031665,0.46491939757587203,False,True,False
1FNA_A_seg000_win00056,1FNA,A,1FNA_A_seg000,win00056,63.5,0.7134831460674157,1TEN_A_seg000_win00059,1TEN,A,1TEN_A_seg000,win00059,66.5,0.764367816091954,0.6151673377270442,0.6191308953828012,False,True,False
1FNA_A_seg000_win00057,1FNA,A,1FNA_A_seg000,win00057,64.5,0.7247191011235955,1TEN_A_seg000_win00060,1TEN,A,1TEN_A_seg000,win00060,67.5,0.7758620689655172,0.5875845165669921,0.6298877253869983,False,True,False
1FNA_A_seg000_win00062,1FNA,A,1FNA_A_seg000,win00062,69.5,0.7808988764044944,1UBQ_A_seg000_win00035,1UBQ,A,1UBQ_A_seg000,win00035,42.5,0.5743243243243243,1.4786620252675766,0.40344346659849606,False,True,False
1FNA_A_seg000_win00063,1FNA,A,1FNA_A_seg000,win00063,70.5,0.7921348314606742,2IGF_H_seg000_win00080,2IGF,H,2IGF_H_seg000,win00080,87.5,0.6433823529411765,1.4914202099930398,0.4013774938442816,False,False,False
1FNA_A_seg000_win00068,1FNA,A,1FNA_A_seg000,win00068,75.5,0.848314606741573,1TEN_A_seg000_win00024,1TEN,A,1TEN_A_seg000,win00024,31.5,0.3620689655172414,1.4589566410432764,0.40667654862581226,False,True,False
1FNA_A_seg000_win00070,1FNA,A,1FNA_A_seg000,win00070,77.5,0.8707865168539326,1GZM_A_seg000_win00266,1GZM,A,1GZM_A_seg000,win00266,273.5,0.8441358024691358,1.4697377403645564,0.4049012912004133,False,True,False
1FNA_A_seg000_win00072,1FNA,A,1FNA_A_seg000,win00072,79.5,0.8932584269662921,2IGF_H_seg000_win00085,2IGF,H,2IGF_H_seg000,win00085,92.5,0.6801470588235294,1.3245764893754584,0.43018588743821845,False,False,False
1FNA_A_seg000_win00073,1FNA,A,1FNA_A_seg000,win00073,80.5,0.904494382022472,2IGF_H_seg000_win00088,2IGF,H,2IGF_H_seg000,win00088,95.5,0.7022058823529411,1.3081803410994102,0.43324171088108726,False,False,False
1GZM_A_seg000_win00000,1GZM,A,1GZM_A_seg000,win00000,7.5,0.0231481481481481,2PTN_A_seg004_win00015,2PTN,A,2PTN_A_seg004,win00015,133.5,0.45,1.916075053039747,0.34292670175192835,False,True,False
1GZM_A_seg000_win00001,1GZM,A,1GZM_A_seg000,win00001,8.5,0.0262345679012345,1PKK_A_seg000_win00137,1PKK,A,1PKK_A_seg000,win00137,144.5,0.8027777777777778,1.908480513794626,0.3438221419250025,False,True,False
1GZM_A_seg000_win00003,1GZM,A,1GZM_A_seg000,win00003,10.5,0.0324074074074074,2PTN_A_seg002_win00010,2PTN,A,2PTN_A_seg002,win00010,67.5,0.3070175438596491,1.0628869610664402,0.4847575358579197,False,True,False
1GZM_A_seg000_win00009,1GZM,A,1GZM_A_seg000,win00009,16.5,0.0509259259259259,2IGF_H_seg000_win00040,2IGF,H,2IGF_H_seg000,win00040,47.5,0.3492647058823529,1.211004611879386,0.4522830909655975,False,False,False
1GZM_A_seg000_win00021,1GZM,A,1GZM_A_seg000,win00021,28.5,0.0879629629629629,2IGF_H_seg000_win00098,2IGF,H,2IGF_H_seg000,win00098,105.5,0.7757352941176471,1.4428811095186849,0.4093527090219416,False,False,False
1GZM_A_seg000_win00024,1GZM,A,1GZM_A_seg000,win00024,31.5,0.0972222222222222,2IGF_H_seg000_win00056,2IGF,H,2IGF_H_seg000,win00056,63.5,0.4669117647058823,1.4551909245079737,0.40730029995545153,False,False,False
1GZM_A_seg000_win00027,1GZM,A,1GZM_A_seg000,win00027,34.5,0.1064814814814814,2HHB_A_seg000_win00091,2HHB,A,2HHB_A_seg000,win00091,98.5,0.7086330935251799,0.48550110389576995,0.6731735152383737,False,True,False
1GZM_A_seg000_win00029,1GZM,A,1GZM_A_seg000,win00029,36.5,0.1126543209876543,2HHB_A_seg000_win00049,2HHB,A,2HHB_A_seg000,win00049,56.5,0.4064748201438849,0.5046798692761425,0.6645931938207366,False,True,False
1GZM_A_seg000_win00031,1GZM,A,1GZM_A_seg000,win00031,38.5,0.1188271604938271,2HHB_A_seg000_win00116,2HHB,A,2HHB_A_seg000,win00116,123.5,0.8884892086330936,0.5206091938012608,0.657631167874352,False,True,False
1GZM_A_seg000_win00034,1GZM,A,1GZM_A_seg000,win00034,41.5,0.1280864197530864,2HHB_A_seg000_win00014,2HHB,A,2HHB_A_seg000,win00014,21.5,0.1546762589928057,1.223400574606685,0.44976151010345855,False,True,False
1GZM_A_seg000_win00046,1GZM,A,1GZM_A_seg000,win00046,53.5,0.1651234567901234,2HHB_A_seg000_win00123,2HHB,A,2HHB_A_seg000,win00123,130.5,0.9388489208633094,1.4309902954708686,0.4113549946550921,False,True,False
1GZM_A_seg000_win00048,1GZM,A,1GZM_A_seg000,win00048,55.5,0.1712962962962963,2HHB_A_seg000_win00016,2HHB,A,2HHB_A_seg000,win00016,23.5,0.1690647482014388,1.37719597363744,0.4206636773281511,False,True,False
1GZM_A_seg000_win00049,1GZM,A,1GZM_A_seg000,win00049,56.5,0.1743827160493827,2HHB_A_seg000_win00010,2HHB,A,2HHB_A_seg000,win00010,17.5,0.1258992805755395,1.5508880299880259,0.39202034281555437,False,True,False
1GZM_A_seg000_win00060,1GZM,A,1GZM_A_seg000,win00060,67.5,0.2083333333333333,2HHB_A_seg000_win00001,2HHB,A,2HHB_A_seg000,win00001,8.5,0.0611510791366906,0.8724177649074374,0.5340688487055851,False,True,False
1GZM_A_seg000_win00065,1GZM,A,1GZM_A_seg000,win00065,72.5,0.2237654320987654,2PTN_A_seg008_win00006,2PTN,A,2PTN_A_seg008,win00006,200.5,0.6136363636363636,0.7324443254590784,0.5772191263549039,False,True,False
1GZM_A_seg000_win00074,1GZM,A,1GZM_A_seg000,win00074,81.5,0.2515432098765432,1LYZ_A_seg002_win00019,1LYZ,A,1LYZ_A_seg002,win00019,89.5,0.4416666666666666,1.1282027780353991,0.46988003695922564,False,True,False
1GZM_A_seg000_win00094,1GZM,A,1GZM_A_seg000,win00094,101.5,0.3132716049382716,2HHB_A_seg000_win00111,2HHB,A,2HHB_A_seg000,win00111,118.5,0.8525179856115108,0.9396354590791524,0.515560795364482,False,True,False
1GZM_A_seg000_win00104,1GZM,A,1GZM_A_seg000,win00104,111.5,0.3441358024691358,2HHB_A_seg000_win00011,2HHB,A,2HHB_A_seg000,win00011,18.5,0.1330935251798561,1.526229844171089,0.3958468000476503,False,True,False
1GZM_A_seg000_win00107,1GZM,A,1GZM_A_seg000,win00107,114.5,0.3533950617283951,2HHB_A_seg000_win00015,2HHB,A,2HHB_A_seg000,win00015,22.5,0.1618705035971223,0.9226294804662049,0.5201210166388986,False,True,False
1GZM_A_seg000_win00110,1GZM,A,1GZM_A_seg000,win00110,117.5,0.3626543209876543,2HHB_A_seg000_win00055,2HHB,A,2HHB_A_seg000,win00055,62.5,0.4496402877697841,1.5475802432393617,0.39252934334600403,False,True,False
1GZM_A_seg000_win00119,1GZM,A,1GZM_A_seg000,win00119,126.5,0.3904320987654321,2HHB_A_seg000_win00120,2HHB,A,2HHB_A_seg000,win00120,127.5,0.9172661870503596,1.806385224514192,0.3563302682984686,False,True,False
1GZM_A_seg000_win00123,1GZM,A,1GZM_A_seg000,win00123,130.5,0.4027777777777778,2HHB_A_seg000_win00094,2HHB,A,2HHB_A_seg000,win00094,101.5,0.7302158273381295,1.3071822703549696,0.4334291281833341,False,True,False
1GZM_A_seg000_win00126,1GZM,A,1GZM_A_seg000,win00126,133.5,0.412037037037037,1LYZ_A_seg002_win00032,1LYZ,A,1LYZ_A_seg002,win00032,102.5,0.6583333333333333,2.2720825555252877,0.3056157609200248,False,True,False
1GZM_A_seg000_win00129,1GZM,A,1GZM_A_seg000,win00129,136.5,0.4212962962962963,1PKK_A_seg000_win00002,1PKK,A,1PKK_A_seg000,win00002,9.5,0.0527777777777777,0.712100835554943,0.5840777477781384,False,True,False
1GZM_A_seg000_win00137,1GZM,A,1GZM_A_seg000,win00137,144.5,0.4459876543209876,2PTN_A_seg002_win00017,2PTN,A,2PTN_A_seg002,win00017,74.5,0.4298245614035088,1.681019294131816,0.37299246677888087,False,True,False
1GZM_A_seg000_win00142,1GZM,A,1GZM_A_seg000,win00142,149.5,0.4614197530864197,1LYZ_A_seg002_win00014,1LYZ,A,1LYZ_A_seg002,win00014,84.5,0.3583333333333333,2.0347153208213484,0.32952020017790307,False,True,False
1GZM_A_seg000_win00160,1GZM,A,1GZM_A_seg000,win00160,167.5,0.5169753086419753,2HHB_A_seg000_win00009,2HHB,A,2HHB_A_seg000,win00009,16.5,0.118705035971223,1.98423460857183,0.33509429758894577,False,True,False
1GZM_A_seg000_win00163,1GZM,A,1GZM_A_seg000,win00163,170.5,0.5262345679012346,1UBQ_A_seg000_win00024,1UBQ,A,1UBQ_A_seg000,win00024,31.5,0.4256756756756756,1.659015562408352,0.37607903245751195,False,True,False
1GZM_A_seg000_win00170,1GZM,A,1GZM_A_seg000,win00170,177.5,0.5478395061728395,1LYZ_A_seg001_win00031,1LYZ,A,1LYZ_A_seg001,win00031,45.5,0.6875,1.3695041568683481,0.42202922375187923,False,True,False
1GZM_A_seg000_win00171,1GZM,A,1GZM_A_seg000,win00171,178.5,0.5509259259259259,1LYZ_A_seg002_win00006,1LYZ,A,1LYZ_A_seg002,win00006,76.5,0.225,1.5993923854062289,0.3847052894416022,False,True,False
1GZM_A_seg000_win00179,1GZM,A,1GZM_A_seg000,win00179,186.5,0.5756172839506173,1TEN_A_seg000_win00010,1TEN,A,1TEN_A_seg000,win00010,17.5,0.2011494252873563,1.2393414368926443,0.44655986064707504,False,True,False
1GZM_A_seg000_win00182,1GZM,A,1GZM_A_seg000,win00182,189.5,0.5848765432098766,1PKK_A_seg000_win00121,1PKK,A,1PKK_A_seg000,win00121,128.5,0.7138888888888889,1.0668825230912482,0.4838204343149561,False,True,False
1GZM_A_seg000_win00195,1GZM,A,1GZM_A_seg000,win00195,202.5,0.625,1UBQ_A_seg000_win00016,1UBQ,A,1UBQ_A_seg000,win00016,23.5,0.3175675675675675,1.294854558571793,0.43575746282690425,False,True,False
1GZM_A_seg000_win00196,1GZM,A,1GZM_A_seg000,win00196,203.5,0.6280864197530864,1PKK_A_seg000_win00125,1PKK,A,1PKK_A_seg000,win00125,132.5,0.7361111111111112,2.1955647183130544,0.31293373414383613,False,True,False
1GZM_A_seg000_win00199,1GZM,A,1GZM_A_seg000,win00199,206.5,0.6373456790123457,2HHB_A_seg000_win00018,2HHB,A,2HHB_A_seg000,win00018,25.5,0.1834532374100719,1.1480707099009382,0.46553402334046845,False,True,False
1GZM_A_seg000_win00214,1GZM,A,1GZM_A_seg000,win00214,221.5,0.683641975308642,2HHB_A_seg000_win00056,2HHB,A,2HHB_A_seg000,win00056,63.5,0.4568345323741007,1.595480456460202,0.38528512033715384,False,True,False
1GZM_A_seg000_win00217,1GZM,A,1GZM_A_seg000,win00217,224.5,0.6929012345679012,2HHB_A_seg000_win00093,2HHB,A,2HHB_A_seg000,win00093,100.5,0.7230215827338129,1.5443954620802947,0.3930206663638683,False,True,False
1GZM_A_seg000_win00219,1GZM,A,1GZM_A_seg000,win00219,226.5,0.6990740740740741,1LYZ_A_seg002_win00022,1LYZ,A,1LYZ_A_seg002,win00022,92.5,0.4916666666666666,1.815648392655247,0.3551579815890889,False,True,False
1GZM_A_seg000_win00221,1GZM,A,1GZM_A_seg000,win00221,228.5,0.7052469135802469,2HHB_A_seg000_win00075,2HHB,A,2HHB_A_seg000,win00075,82.5,0.5935251798561151,1.6706846465231218,0.3744358216541469,False,True,False
1GZM_A_seg000_win00228,1GZM,A,1GZM_A_seg000,win00228,235.5,0.7268518518518519,2HHB_A_seg000_win00090,2HHB,A,2HHB_A_seg000,win00090,97.5,0.7014388489208633,0.9979276512510561,0.5005186245727282,False,True,False
1GZM_A_seg000_win00238,1GZM,A,1GZM_A_seg000,win00238,245.5,0.7577160493827161,2HHB_A_seg000_win00114,2HHB,A,2HHB_A_seg000,win00114,121.5,0.8741007194244604,0.9682748504384301,0.5080591258772887,False,True,False
1GZM_A_seg000_win00254,1GZM,A,1GZM_A_seg000,win00254,261.5,0.8070987654320988,2HHB_A_seg000_win00098,2HHB,A,2HHB_A_seg000,win00098,105.5,0.7589928057553957,1.5499331641330956,0.3921671415023034,False,True,False
1GZM_A_seg000_win00255,1GZM,A,1GZM_A_seg000,win00255,262.5,0.8101851851851852,2HHB_A_seg000_win00019,2HHB,A,2HHB_A_seg000,win00019,26.5,0.1906474820143885,1.4039534087967493,0.41598143971539364,False,True,False
1GZM_A_seg000_win00258,1GZM,A,1GZM_A_seg000,win00258,265.5,0.8194444444444444,2HHB_A_seg000_win00020,2HHB,A,2HHB_A_seg000,win00020,27.5,0.197841726618705,1.408511917018207,0.4151941258559447,False,True,False
1GZM_A_seg000_win00260,1GZM,A,1GZM_A_seg000,win00260,267.5,0.8256172839506173,2HHB_A_seg000_win00100,2HHB,A,2HHB_A_seg000,win00100,107.5,0.7733812949640287,1.2350755411356351,0.4474121709067171,False,True,False
1GZM_A_seg000_win00265,1GZM,A,1GZM_A_seg000,win00265,272.5,0.8410493827160493,1UBQ_A_seg000_win00022,1UBQ,A,1UBQ_A_seg000,win00022,29.5,0.3986486486486486,0.8815326721298777,0.5314816026383475,False,True,False
1GZM_A_seg000_win00271,1GZM,A,1GZM_A_seg000,win00271,278.5,0.8595679012345679,1PKK_A_seg000_win00068,1PKK,A,1PKK_A_seg000,win00068,75.5,0.4194444444444444,0.8061777574459542,0.5536553619252078,False,True,False
1GZM_A_seg000_win00275,1GZM,A,1GZM_A_seg000,win00275,282.5,0.8719135802469136,2HHB_A_seg000_win00034,2HHB,A,2HHB_A_seg000,win00034,41.5,0.2985611510791366,0.7487798207991044,0.5718272752844611,False,True,False
1GZM_A_seg000_win00279,1GZM,A,1GZM_A_seg000,win00279,286.5,0.8842592592592593,1PKK_A_seg000_win00004,1PKK,A,1PKK_A_seg000,win00004,11.5,0.0638888888888888,0.513505570989916,0.6607177529884775,False,True,False
1GZM_A_seg000_win00281,1GZM,A,1GZM_A_seg000,win00281,288.5,0.8904320987654321,2HHB_A_seg000_win00000,2HHB,A,2HHB_A_seg000,win00000,7.5,0.0539568345323741,0.5186649304806062,0.6584730969480764,False,True,False
1GZM_A_seg000_win00282,1GZM,A,1GZM_A_seg000,win00282,289.5,0.8935185185185185,2HHB_A_seg000_win00092,2HHB,A,2HHB_A_seg000,win00092,99.5,0.7158273381294964,1.1430692922871935,0.4666204698088641,False,True,False
1GZM_A_seg000_win00287,1GZM,A,1GZM_A_seg000,win00287,294.5,0.9089506172839508,2HHB_A_seg000_win00072,2HHB,A,2HHB_A_seg000,win00072,79.5,0.5719424460431655,1.3217817563698506,0.43070370298865585,False,True,False
1GZM_A_seg000_win00293,1GZM,A,1GZM_A_seg000,win00293,300.5,0.9274691358024691,2HHB_A_seg000_win00005,2HHB,A,2HHB_A_seg000,win00005,12.5,0.0899280575539568,1.4664361475618688,0.4054432955779228,False,True,False
1GZM_A_seg000_win00295,1GZM,A,1GZM_A_seg000,win00295,302.5,0.933641975308642,2HHB_A_seg000_win00052,2HHB,A,2HHB_A_seg000,win00052,59.5,0.4280575539568345,1.5042009945028774,0.3993289684794313,False,True,False
1GZM_A_seg000_win00298,1GZM,A,1GZM_A_seg000,win00298,305.5,0.9429012345679012,2HHB_A_seg000_win00053,2HHB,A,2HHB_A_seg000,win00053,60.5,0.4352517985611511,1.6426821646603542,0.378403431700052,False,True,False
1GZM_A_seg000_win00299,1GZM,A,1GZM_A_seg000,win00299,306.5,0.9459876543209876,2HHB_A_seg000_win00118,2HHB,A,2HHB_A_seg000,win00118,125.5,0.9028776978417268,1.345876684609084,0.4262798665253113,False,True,False
1GZM_A_seg000_win00300,1GZM,A,1GZM_A_seg000,win00300,307.5,0.949074074074074,2HHB_A_seg000_win00119,2HHB,A,2HHB_A_seg000,win00119,126.5,0.9100719424460432,1.7627524432565178,0.36195787372873617,False,True,False
1GZM_A_seg000_win00301,1GZM,A,1GZM_A_seg000,win00301,308.5,0.9521604938271604,2HHB_A_seg000_win00059,2HHB,A,2HHB_A_seg000,win00059,66.5,0.4784172661870504,1.281444385215895,0.4383188152558753,False,True,False
1GZM_A_seg000_win00302,1GZM,A,1GZM_A_seg000,win00302,309.5,0.9552469135802468,2HHB_A_seg000_win00065,2HHB,A,2HHB_A_seg000,win00065,72.5,0.5215827338129496,0.8385687420190205,0.5439013386585981,False,True,False
1LYZ_A_seg001_win00009,1LYZ,A,1LYZ_A_seg001,win00009,23.5,0.2946428571428571,2PTN_A_seg008_win00001,2PTN,A,2PTN_A_seg008,win00001,195.5,0.3863636363636363,0.6875550953183691,0.5925732456227409,False,True,False
1LYZ_A_seg001_win00013,1LYZ,A,1LYZ_A_seg001,win00013,27.5,0.3660714285714285,2HHB_A_seg000_win00046,2HHB,A,2HHB_A_seg000,win00046,53.5,0.3848920863309352,0.7058805005389229,0.5862075331091946,False,True,False
1LYZ_A_seg001_win00014,1LYZ,A,1LYZ_A_seg001,win00014,28.5,0.3839285714285714,2HHB_A_seg000_win00088,2HHB,A,2HHB_A_seg000,win00088,95.5,0.6870503597122302,0.637885739242531,0.6105431997121286,False,True,False
1LYZ_A_seg001_win00017,1LYZ,A,1LYZ_A_seg001,win00017,31.5,0.4375,2PTN_A_seg004_win00031,2PTN,A,2PTN_A_seg004,win00031,149.5,0.77,1.425082540626736,0.41235709846872304,False,True,False
1LYZ_A_seg001_win00020,1LYZ,A,1LYZ_A_seg001,win00020,34.5,0.4910714285714285,1PKK_A_seg000_win00120,1PKK,A,1PKK_A_seg000,win00120,127.5,0.7083333333333334,1.2546425496608895,0.44352928589518786,False,True,False
1LYZ_A_seg001_win00023,1LYZ,A,1LYZ_A_seg001,win00023,37.5,0.5446428571428571,2PTN_A_seg002_win00030,2PTN,A,2PTN_A_seg002,win00030,87.5,0.6578947368421053,1.4445197964451757,0.4090782989175222,False,True,False
1LYZ_A_seg001_win00024,1LYZ,A,1LYZ_A_seg001,win00024,38.5,0.5625,1PKK_A_seg000_win00011,1PKK,A,1PKK_A_seg000,win00011,18.5,0.1027777777777777,1.3157012868914884,0.4318346263659779,False,True,False
1LYZ_A_seg001_win00025,1LYZ,A,1LYZ_A_seg001,win00025,39.5,0.5803571428571429,2PTN_A_seg002_win00002,2PTN,A,2PTN_A_seg002,win00002,59.5,0.1666666666666666,1.5271439311174528,0.39570361928606884,False,True,False
1LYZ_A_seg001_win00027,1LYZ,A,1LYZ_A_seg001,win00027,41.5,0.6160714285714286,1TEN_A_seg000_win00041,1TEN,A,1TEN_A_seg000,win00041,48.5,0.5574712643678161,1.3285470352051212,0.42945235156562356,False,True,False
1LYZ_A_seg001_win00030,1LYZ,A,1LYZ_A_seg001,win00030,44.5,0.6696428571428571,2PTN_A_seg001_win00004,2PTN,A,2PTN_A_seg001,win00004,30.5,0.3709677419354839,1.2084242388570445,0.45281154879804414,False,True,False
1LYZ_A_seg001_win00033,1LYZ,A,1LYZ_A_seg001,win00033,47.5,0.7232142857142857,2IGF_H_seg000_win00045,2IGF,H,2IGF_H_seg000,win00045,52.5,0.3860294117647059,1.3100378079465689,0.43289334770192217,False,False,False
1LYZ_A_seg001_win00035,1LYZ,A,1LYZ_A_seg001,win00035,49.5,0.7589285714285714,1PKK_A_seg000_win00101,1PKK,A,1PKK_A_seg000,win00101,108.5,0.6027777777777777,1.7273061625931818,0.36666217152869196,False,True,False
1LYZ_A_seg001_win00037,1LYZ,A,1LYZ_A_seg001,win00037,51.5,0.7946428571428571,1PKK_A_seg000_win00118,1PKK,A,1PKK_A_seg000,win00118,125.5,0.6972222222222222,1.23060174249284,0.4483095215744054,False,True,False
1LYZ_A_seg001_win00038,1LYZ,A,1LYZ_A_seg001,win00038,52.5,0.8125,1UBQ_A_seg000_win00026,1UBQ,A,1UBQ_A_seg000,win00026,33.5,0.4527027027027027,1.4624272813707015,0.40610336295630767,False,True,False
1LYZ_A_seg001_win00040,1LYZ,A,1LYZ_A_seg001,win00040,54.5,0.8482142857142857,1PKK_A_seg000_win00102,1PKK,A,1PKK_A_seg000,win00102,109.5,0.6083333333333333,1.8907064701583525,0.34593619598645037,False,True,False
1LYZ_A_seg002_win00000,1LYZ,A,1LYZ_A_seg002,win00000,70.5,0.125,1UBQ_A_seg000_win00025,1UBQ,A,1UBQ_A_seg000,win00025,32.5,0.4391891891891892,1.4193246969979614,0.4133384829414829,False,True,False
1LYZ_A_seg002_win00017,1LYZ,A,1LYZ_A_seg002,win00017,87.5,0.4083333333333333,2HHB_A_seg000_win00101,2HHB,A,2HHB_A_seg000,win00101,108.5,0.7805755395683454,0.8810298693508212,0.5316236686582329,False,True,False
1LYZ_A_seg002_win00018,1LYZ,A,1LYZ_A_seg002,win00018,88.5,0.425,2HHB_A_seg000_win00076,2HHB,A,2HHB_A_seg000,win00076,83.5,0.6007194244604317,1.2010487413294162,0.45432887569586844,False,True,False
1LYZ_A_seg002_win00039,1LYZ,A,1LYZ_A_seg002,win00039,109.5,0.775,2HHB_A_seg000_win00077,2HHB,A,2HHB_A_seg000,win00077,84.5,0.6079136690647482,0.731518541538713,0.5775277457389226,False,True,False
1LYZ_A_seg002_win00042,1LYZ,A,1LYZ_A_seg002,win00042,112.5,0.825,1UBQ_A_seg000_win00027,1UBQ,A,1UBQ_A_seg000,win00027,34.5,0.4662162162162162,1.5403360275419158,0.39364870991796375,False,True,False
1PKK_A_seg000_win00000,1PKK,A,1PKK_A_seg000,win00000,7.5,0.0416666666666666,2PTN_A_seg008_win00000,2PTN,A,2PTN_A_seg008,win00000,194.5,0.3409090909090909,1.2082561206858378,0.4528460220861614,False,True,False
1PKK_A_seg000_win00006,1PKK,A,1PKK_A_seg000,win00006,13.5,0.075,2PTN_A_seg002_win00025,2PTN,A,2PTN_A_seg002,win00025,82.5,0.5701754385964912,1.6000963704582112,0.3846011291588286,False,True,False
1PKK_A_seg000_win00015,1PKK,A,1PKK_A_seg000,win00015,22.5,0.125,1UBQ_A_seg000_win00005,1UBQ,A,1UBQ_A_seg000,win00005,12.5,0.1689189189189189,1.7118287161902495,0.3687548531475336,False,True,False
1PKK_A_seg000_win00019,1PKK,A,1PKK_A_seg000,win00019,26.5,0.1472222222222222,2IGF_H_seg000_win00059,2IGF,H,2IGF_H_seg000,win00059,66.5,0.4889705882352941,1.2875909727861898,0.4371410850524742,False,False,False
1PKK_A_seg000_win00020,1PKK,A,1PKK_A_seg000,win00020,27.5,0.1527777777777778,1UBQ_A_seg000_win00045,1UBQ,A,1UBQ_A_seg000,win00045,52.5,0.7094594594594594,1.1858907603555577,0.4574794029676669,False,True,False
1PKK_A_seg000_win00021,1PKK,A,1PKK_A_seg000,win00021,28.5,0.1583333333333333,1UBQ_A_seg000_win00010,1UBQ,A,1UBQ_A_seg000,win00010,17.5,0.2364864864864864,0.5203937520285771,0.6577243550664132,False,True,False
1PKK_A_seg000_win00025,1PKK,A,1PKK_A_seg000,win00025,32.5,0.1805555555555555,2PTN_A_seg001_win00003,2PTN,A,2PTN_A_seg001,win00003,29.5,0.3387096774193548,1.638315299243396,0.3790297544371499,False,True,False
1PKK_A_seg000_win00027,1PKK,A,1PKK_A_seg000,win00027,34.5,0.1916666666666666,2PTN_A_seg001_win00013,2PTN,A,2PTN_A_seg001,win00013,39.5,0.6612903225806451,1.2460679406999031,0.44522250724454376,False,True,False
1PKK_A_seg000_win00028,1PKK,A,1PKK_A_seg000,win00028,35.5,0.1972222222222222,2IGF_H_seg000_win00102,2IGF,H,2IGF_H_seg000,win00102,109.5,0.8051470588235294,1.6370440272694418,0.3792124779332796,False,False,False
1PKK_A_seg000_win00030,1PKK,A,1PKK_A_seg000,win00030,37.5,0.2083333333333333,2IGF_H_seg000_win00101,2IGF,H,2IGF_H_seg000,win00101,108.5,0.7977941176470589,1.611367013097848,0.3829411932464087,False,False,False
1PKK_A_seg000_win00032,1PKK,A,1PKK_A_seg000,win00032,39.5,0.2194444444444444,2IGF_H_seg000_win00009,2IGF,H,2IGF_H_seg000,win00009,16.5,0.1213235294117647,1.150917216759885,0.4649179392902846,False,False,False
1PKK_A_seg000_win00033,1PKK,A,1PKK_A_seg000,win00033,40.5,0.225,2PTN_A_seg002_win00006,2PTN,A,2PTN_A_seg002,win00006,63.5,0.2368421052631578,1.7018116496786628,0.3701220253894952,False,True,False
1PKK_A_seg000_win00044,1PKK,A,1PKK_A_seg000,win00044,51.5,0.2861111111111111,1UBQ_A_seg000_win00032,1UBQ,A,1UBQ_A_seg000,win00032,39.5,0.5337837837837838,1.31807751320526,0.4313919592003964,False,True,False
1PKK_A_seg000_win00046,1PKK,A,1PKK_A_seg000,win00046,53.5,0.2972222222222222,1UBQ_A_seg000_win00037,1UBQ,A,1UBQ_A_seg000,win00037,44.5,0.6013513513513513,0.8179111539126369,0.5500818881317325,False,True,False
1PKK_A_seg000_win00060,1PKK,A,1PKK_A_seg000,win00060,67.5,0.375,2IGF_H_seg000_win00089,2IGF,H,2IGF_H_seg000,win00089,96.5,0.7095588235294118,1.0506339132538298,0.4876540827383746,False,False,False
1PKK_A_seg000_win00063,1PKK,A,1PKK_A_seg000,win00063,70.5,0.3916666666666666,1TEN_A_seg000_win00039,1TEN,A,1TEN_A_seg000,win00039,46.5,0.5344827586206896,1.2853994695173312,0.43756026608827236,False,True,False
1PKK_A_seg000_win00064,1PKK,A,1PKK_A_seg000,win00064,71.5,0.3972222222222222,1TEN_A_seg000_win00064,1TEN,A,1TEN_A_seg000,win00064,71.5,0.8218390804597702,1.4280281491476714,0.41185683961326286,False,True,False
1PKK_A_seg000_win00071,1PKK,A,1PKK_A_seg000,win00071,78.5,0.4361111111111111,1UBQ_A_seg000_win00036,1UBQ,A,1UBQ_A_seg000,win00036,43.5,0.5878378378378378,1.2734360677404746,0.4398628200677229,False,True,False
1PKK_A_seg000_win00072,1PKK,A,1PKK_A_seg000,win00072,79.5,0.4416666666666666,2HHB_A_seg000_win00033,2HHB,A,2HHB_A_seg000,win00033,40.5,0.2913669064748201,0.8127411023883347,0.5516507562400794,False,True,False
1PKK_A_seg000_win00082,1PKK,A,1PKK_A_seg000,win00082,89.5,0.4972222222222222,2IGF_H_seg000_win00037,2IGF,H,2IGF_H_seg000,win00037,44.5,0.3272058823529412,1.2761481565491566,0.4393387122550445,False,False,False
1PKK_A_seg000_win00092,1PKK,A,1PKK_A_seg000,win00092,99.5,0.5527777777777778,1UBQ_A_seg000_win00029,1UBQ,A,1UBQ_A_seg000,win00029,36.5,0.4932432432432432,1.2459740537175963,0.44524111858940374,False,True,False
1PKK_A_seg000_win00093,1PKK,A,1PKK_A_seg000,win00093,100.5,0.5583333333333333,2IGF_H_seg000_win00035,2IGF,H,2IGF_H_seg000,win00035,42.5,0.3125,1.116126795940996,0.4725614750109156,False,False,False
1PKK_A_seg000_win00099,1PKK,A,1PKK_A_seg000,win00099,106.5,0.5916666666666667,2PTN_A_seg001_win00010,2PTN,A,2PTN_A_seg001,win00010,36.5,0.5645161290322581,1.4656397870356968,0.40557424699990147,False,True,False
1PKK_A_seg000_win00103,1PKK,A,1PKK_A_seg000,win00103,110.5,0.6138888888888889,1UBQ_A_seg000_win00031,1UBQ,A,1UBQ_A_seg000,win00031,38.5,0.5202702702702703,1.1218664666691083,0.4712831913356891,False,True,False
1PKK_A_seg000_win00104,1PKK,A,1PKK_A_seg000,win00104,111.5,0.6194444444444445,1UBQ_A_seg000_win00009,1UBQ,A,1UBQ_A_seg000,win00009,16.5,0.2229729729729729,1.202823907693915,0.4539627504982351,False,True,False
1PKK_A_seg000_win00106,1PKK,A,1PKK_A_seg000,win00106,113.5,0.6305555555555555,2PTN_A_seg004_win00026,2PTN,A,2PTN_A_seg004,win00026,144.5,0.67,0.3505861641139436,0.7404192539289437,False,True,False
1PKK_A_seg000_win00110,1PKK,A,1PKK_A_seg000,win00110,117.5,0.6527777777777778,1TEN_A_seg000_win00035,1TEN,A,1TEN_A_seg000,win00035,42.5,0.4885057471264368,1.4838534491957611,0.40260024210518003,False,True,False
1PKK_A_seg000_win00123,1PKK,A,1PKK_A_seg000,win00123,130.5,0.725,2IGF_H_seg000_win00118,2IGF,H,2IGF_H_seg000,win00118,125.5,0.9227941176470588,1.7675478501917996,0.3613306992797602,False,False,False
1PKK_A_seg000_win00126,1PKK,A,1PKK_A_seg000,win00126,133.5,0.7416666666666667,1TEN_A_seg000_win00020,1TEN,A,1TEN_A_seg000,win00020,27.5,0.3160919540229885,1.550005102905308,0.3921560779861444,False,True,False
1PKK_A_seg000_win00129,1PKK,A,1PKK_A_seg000,win00129,136.5,0.7583333333333333,1TEN_A_seg000_win00021,1TEN,A,1TEN_A_seg000,win00021,28.5,0.3275862068965517,1.7027906605241026,0.3699879589661185,False,True,False
1PKK_A_seg000_win00139,1PKK,A,1PKK_A_seg000,win00139,146.5,0.8138888888888889,2PTN_A_seg002_win00028,2PTN,A,2PTN_A_seg002,win00028,85.5,0.6228070175438597,2.0862216919851315,0.3240207929964928,False,True,False
1PKK_A_seg000_win00142,1PKK,A,1PKK_A_seg000,win00142,149.5,0.8305555555555556,2PTN_A_seg002_win00005,2PTN,A,2PTN_A_seg002,win00005,62.5,0.219298245614035,1.8527176254189954,0.3505429317958254,False,True,False
1PKK_A_seg000_win00152,1PKK,A,1PKK_A_seg000,win00152,159.5,0.8861111111111111,1TEN_A_seg000_win00054,1TEN,A,1TEN_A_seg000,win00054,61.5,0.7068965517241379,1.2105721559365636,0.45237157145694945,False,True,False
1PKK_A_seg000_win00155,1PKK,A,1PKK_A_seg000,win00155,162.5,0.9027777777777778,1TEN_A_seg000_win00019,1TEN,A,1TEN_A_seg000,win00019,26.5,0.3045977011494253,1.740409573041197,0.36490895734619694,False,True,False
1PKK_A_seg000_win00164,1PKK,A,1PKK_A_seg000,win00164,171.5,0.9527777777777776,2PTN_A_seg006_win00000,2PTN,A,2PTN_A_seg006,win00000,169.5,0.46875,0.9923632922455592,0.5019164947939373,False,True,False
1TEN_A_seg000_win00002,1TEN,A,1TEN_A_seg000,win00002,9.5,0.1091954022988505,2IGF_H_seg000_win00030,2IGF,H,2IGF_H_seg000,win00030,37.5,0.2757352941176471,1.05529143276292,0.4865490042235538,False,False,False
1TEN_A_seg000_win00003,1TEN,A,1TEN_A_seg000,win00003,10.5,0.1206896551724138,2IGF_H_seg000_win00115,2IGF,H,2IGF_H_seg000,win00115,122.5,0.9007352941176472,0.7951466571897474,0.5570575506992127,False,False,False
1TEN_A_seg000_win00009,1TEN,A,1TEN_A_seg000,win00009,16.5,0.1896551724137931,2IGF_H_seg000_win00019,2IGF,H,2IGF_H_seg000,win00019,26.5,0.1948529411764706,1.203347729183161,0.45385482588838866,False,False,False
1TEN_A_seg000_win00012,1TEN,A,1TEN_A_seg000,win00012,19.5,0.2241379310344827,2IGF_H_seg000_win00109,2IGF,H,2IGF_H_seg000,win00109,116.5,0.8566176470588235,1.270943043913987,0.44034569809223073,False,False,False
1TEN_A_seg000_win00013,1TEN,A,1TEN_A_seg000,win00013,20.5,0.2356321839080459,2PTN_A_seg004_win00004,2PTN,A,2PTN_A_seg004,win00004,122.5,0.23,1.4034416160086902,0.41607001948342076,False,True,False
1TEN_A_seg000_win00014,1TEN,A,1TEN_A_seg000,win00014,21.5,0.2471264367816092,2IGF_H_seg000_win00105,2IGF,H,2IGF_H_seg000,win00105,112.5,0.8272058823529411,1.0212044562295113,0.49475449993093046,False,False,False
1TEN_A_seg000_win00027,1TEN,A,1TEN_A_seg000,win00027,34.5,0.396551724137931,2PTN_A_seg004_win00024,2PTN,A,2PTN_A_seg004,win00024,142.5,0.63,0.8014158830847652,0.5551188980789868,False,True,False
1TEN_A_seg000_win00034,1TEN,A,1TEN_A_seg000,win00034,41.5,0.4770114942528735,2PTN_A_seg004_win00022,2PTN,A,2PTN_A_seg004,win00022,140.5,0.59,1.1938099597667537,0.45582799710979527,False,True,False
1TEN_A_seg000_win00038,1TEN,A,1TEN_A_seg000,win00038,45.5,0.5229885057471264,2IGF_H_seg000_win00069,2IGF,H,2IGF_H_seg000,win00069,76.5,0.5625,1.4513042454034992,0.40794609721544134,False,False,False
1TEN_A_seg000_win00040,1TEN,A,1TEN_A_seg000,win00040,47.5,0.5459770114942529,2IGF_H_seg000_win00108,2IGF,H,2IGF_H_seg000,win00108,115.5,0.8492647058823529,1.0487642091351619,0.48809911630686226,False,False,False
1TEN_A_seg000_win00042,1TEN,A,1TEN_A_seg000,win00042,49.5,0.5689655172413793,2IGF_H_seg000_win00110,2IGF,H,2IGF_H_seg000,win00110,117.5,0.8639705882352942,1.3697217471098977,0.4219904726027837,False,False,False
1TEN_A_seg000_win00062,1TEN,A,1TEN_A_seg000,win00062,69.5,0.7988505747126436,1UBQ_A_seg000_win00034,1UBQ,A,1UBQ_A_seg000,win00034,41.5,0.5608108108108109,1.1166495698528611,0.4724447609291863,False,True,False
1UBQ_A_seg000_win00002,1UBQ,A,1UBQ_A_seg000,win00002,9.5,0.1283783783783783,2PTN_A_seg002_win00022,2PTN,A,2PTN_A_seg002,win00022,79.5,0.5175438596491229,1.1422808135497367,0.46679221214842076,False,True,False
1UBQ_A_seg000_win00018,1UBQ,A,1UBQ_A_seg000,win00018,25.5,0.3445945945945945,2HHB_A_seg000_win00032,2HHB,A,2HHB_A_seg000,win00032,39.5,0.2841726618705036,0.5154394218224383,0.6598746116802341,False,True,False
1UBQ_A_seg000_win00044,1UBQ,A,1UBQ_A_seg000,win00044,51.5,0.6959459459459459,2PTN_A_seg000_win00002,2PTN,A,2PTN_A_seg000,win00002,9.5,0.5,0.9151899961761173,0.5221414073781753,False,True,False
2HHB_A_seg000_win00044,2HHB,A,2HHB_A_seg000,win00044,51.5,0.3705035971223021,2PTN_A_seg004_win00023,2PTN,A,2PTN_A_seg004,win00023,141.5,0.61,0.9999862989024981,0.5000034252978406,False,True,False
2IGF_H_seg000_win00017,2IGF,H,2IGF_H_seg000,win00017,24.5,0.1801470588235294,2PTN_A_seg002_win00027,2PTN,A,2PTN_A_seg002,win00027,84.5,0.6052631578947368,1.5916531145482251,0.38585410770697187,False,False,False
2IGF_H_seg000_win00026,2IGF,H,2IGF_H_seg000,win00026,33.5,0.2463235294117647,2PTN_A_seg002_win00014,2PTN,A,2PTN_A_seg002,win00014,71.5,0.3771929824561403,1.4758012188797893,0.4039096484702693,False,False,False
2IGF_H_seg000_win00036,2IGF,H,2IGF_H_seg000,win00036,43.5,0.3198529411764705,2PTN_A_seg002_win00036,2PTN,A,2PTN_A_seg002,win00036,93.5,0.7631578947368421,1.0537629644772077,0.48691110770641116,False,False,False
2IGF_H_seg000_win00046,2IGF,H,2IGF_H_seg000,win00046,53.5,0.3933823529411764,2PTN_A_seg001_win00014,2PTN,A,2PTN_A_seg001,win00014,40.5,0.6935483870967742,1.1948888897626406,0.45560392813694633,False,False,False
2IGF_H_seg000_win00049,2IGF,H,2IGF_H_seg000,win00049,56.5,0.4154411764705882,2PTN_A_seg001_win00005,2PTN,A,2PTN_A_seg001,win00005,31.5,0.4032258064516129,1.1313066450585758,0.4691957407060571,False,False,False
2IGF_H_seg000_win00058,2IGF,H,2IGF_H_seg000,win00058,65.5,0.4816176470588235,2PTN_A_seg004_win00033,2PTN,A,2PTN_A_seg004,win00033,151.5,0.81,1.6360092115090084,0.379361345033973,False,False,False
2IGF_H_seg000_win00073,2IGF,H,2IGF_H_seg000,win00073,80.5,0.5919117647058824,2PTN_A_seg004_win00020,2PTN,A,2PTN_A_seg004,win00020,138.5,0.55,1.5015833120962503,0.399746830403194,False,False,False
2IGF_H_seg000_win00075,2IGF,H,2IGF_H_seg000,win00075,82.5,0.6066176470588235,2PTN_A_seg004_win00019,2PTN,A,2PTN_A_seg004,win00019,137.5,0.53,0.8097459154874626,0.5525637557417257,False,False,False
2IGF_H_seg000_win00087,2IGF,H,2IGF_H_seg000,win00087,94.5,0.6948529411764706,2PTN_A_seg004_win00025,2PTN,A,2PTN_A_seg004,win00025,143.5,0.65,0.8813869505477392,0.5315227681944239,False,False,False
2IGF_H_seg000_win00111,2IGF,H,2IGF_H_seg000,win00111,118.5,0.8713235294117647,2PTN_A_seg004_win00013,2PTN,A,2PTN_A_seg004,win00013,131.5,0.41,1.9414547447257497,0.3399678345529794,False,False,False
2IGF_H_seg001_win00004,2IGF,H,2IGF_H_seg001,win00004,147.5,0.5227272727272727,2PTN_A_seg002_win00035,2PTN,A,2PTN_A_seg002,win00035,92.5,0.7456140350877193,1.2967200084086732,0.4354035303993669,False,False,False
