protein,chain,source_file,segment_id,segment_label,segment_start_seq_index,segment_end_seq_index,segment_length,segment_start_res_i,segment_end_res_j,window_id,window_label,window_index_within_segment,window_start_offset_in_segment,window_end_offset_in_segment,window_start_seq_index,window_end_seq_index,window_center_seq_index,window_start_res_i,window_end_res_j,window_length,fft_bin,frequency_cycles_per_residue,period_residues,amplitude,power,power_fraction_nonzero
2PTN,A,2PTN_fft_data.csv,seg008,2PTN_A_seg008,187,208,22,222,244,win00000,2PTN_A_seg008_win00000,0,0,15,187,202,194.5,222,238,16,0,0.0,,2.842170943040401e-14,5.048709793414476e-29,
2PTN,A,2PTN_fft_data.csv,seg008,2PTN_A_seg008,187,208,22,222,244,win00000,2PTN_A_seg008_win00000,0,0,15,187,202,194.5,222,238,16,1,0.0625,16.0,855.1043282998586,45700.21326732202,0.5671289768468979
2PTN,A,2PTN_fft_data.csv,seg008,2PTN_A_seg008,187,208,22,222,244,win00000,2PTN_A_seg008_win00000,0,0,15,187,202,194.5,222,238,16,2,0.125,8.0,339.06963102660876,7185.5134177825375,0.08917054388585491
2PTN,A,2PTN_fft_data.csv,seg008,2PTN_A_seg008,187,208,22,222,244,win00000,2PTN_A_seg008_win00000,0,0,15,187,202,194.5,222,238,16,3,0.1875,5.333333333333333,328.7876614752235,6756.332896146636,0.08384451381474295
2PTN,A,2PTN_fft_data.csv,seg008,2PTN_A_seg008,187,208,22,222,244,win00000,2PTN_A_seg008_win00000,0,0,15,187,202,194.5,222,238,16,4,0.25,4.0,48.559065767170644,147.37392926127524,0.0018288760541872154
2PTN,A,2PTN_fft_data.csv,seg008,2PTN_A_seg008,187,208,22,222,244,win00000,2PTN_A_seg008_win00000,0,0,15,187,202,194.5,222,238,16,5,0.3125,3.2,232.8676316555108,3389.208367052916,0.042059284543909954
2PTN,A,2PTN_fft_data.csv,seg008,2PTN_A_seg008,187,208,22,222,244,win00000,2PTN_A_seg008_win00000,0,0,15,187,202,194.5,222,238,16,6,0.375,2.6666666666666665,308.2095214871554,5937.069320958833,0.07367764412320864
2PTN,A,2PTN_fft_data.csv,seg008,2PTN_A_seg008,187,208,22,222,244,win00000,2PTN_A_seg008_win00000,0,0,15,187,202,194.5,222,238,16,7,0.4375,2.2857142857142856,238.4357846017536,3553.2264611658647,0.04409471079793071
2PTN,A,2PTN_fft_data.csv,seg008,2PTN_A_seg008,187,208,22,222,244,win00000,2PTN_A_seg008_win00000,0,0,15,187,202,194.5,222,238,16,8,0.5,2.0,355.81468500000005,7912.755628853079,0.09819544993326776
2PTN,A,2PTN_fft_data.csv,seg008,2PTN_A_seg008,187,208,22,222,244,win00001,2PTN_A_seg008_win00001,1,1,16,188,203,195.5,223,239,16,0,0.0,,1.4210854715202004e-14,1.262177448353619e-29,
2PTN,A,2PTN_fft_data.csv,seg008,2PTN_A_seg008,187,208,22,222,244,win00001,2PTN_A_seg008_win00001,1,1,16,188,203,195.5,223,239,16,1,0.0625,16.0,827.9788822828681,42846.81434414922,0.6141717966515767
2PTN,A,2PTN_fft_data.csv,seg008,2PTN_A_seg008,187,208,22,222,244,win00001,2PTN_A_seg008_win00001,1,1,16,188,203,195.5,223,239,16,2,0.125,8.0,544.185973546272,18508.64836278149,0.2653053673315625
2PTN,A,2PTN_fft_data.csv,seg008,2PTN_A_seg008,187,208,22,222,244,win00001,2PTN_A_seg008_win00001,1,1,16,188,203,195.5,223,239,16,3,0.1875,5.333333333333333,149.3775911035841,1394.604045244348,0.019990435349652495
2PTN,A,2PTN_fft_data.csv,seg008,2PTN_A_seg008,187,208,22,222,244,win00001,2PTN_A_seg008_win00001,1,1,16,188,203,195.5,223,239,16,4,0.25,4.0,166.38404478811066,1730.2281475032507,0.024801314782327753
2PTN,A,2PTN_fft_data.csv,seg008,2PTN_A_seg008,187,208,22,222,244,win00001,2PTN_A_seg008_win00001,1,1,16,188,203,195.5,223,239,16,5,0.3125,3.2,195.18405791241938,2381.0510289474178,0.034130294416331794
2PTN,A,2PTN_fft_data.csv,seg008,2PTN_A_seg008,187,208,22,222,244,win00001,2PTN_A_seg008_win00001,1,1,16,188,203,195.5,223,239,16,6,0.375,2.6666666666666665,102.7939763670974,660.4125985849612,0.009466439883870812
2PTN,A,2PTN_fft_data.csv,seg008,2PTN_A_seg008,187,208,22,222,244,win00001,2PTN_A_seg008_win00001,1,1,16,188,203,195.5,223,239,16,7,0.4375,2.2857142857142856,115.12189661870306,828.3156925679597,0.011873184620284992
2PTN,A,2PTN_fft_data.csv,seg008,2PTN_A_seg008,187,208,22,222,244,win00001,2PTN_A_seg008_win00001,1,1,16,188,203,195.5,223,239,16,8,0.5,2.0,150.38570400000003,1413.4912479734767,0.020261166964392844
2PTN,A,2PTN_fft_data.csv,seg008,2PTN_A_seg008,187,208,22,222,244,win00002,2PTN_A_seg008_win00002,2,2,17,189,204,196.5,224,240,16,0,0.0,,1.5631940186722204e-13,1.5272347125078789e-27,
2PTN,A,2PTN_fft_data.csv,seg008,2PTN_A_seg008,187,208,22,222,244,win00002,2PTN_A_seg008_win00002,2,2,17,189,204,196.5,224,240,16,1,0.0625,16.0,826.0349030457505,42645.85381561265,0.608325587240314
2PTN,A,2PTN_fft_data.csv,seg008,2PTN_A_seg008,187,208,22,222,244,win00002,2PTN_A_seg008_win00002,2,2,17,189,204,196.5,224,240,16,2,0.125,8.0,547.8759041456748,18760.50039646504,0.26761083199191626
2PTN,A,2PTN_fft_data.csv,seg008,2PTN_A_seg008,187,208,22,222,244,win00002,2PTN_A_seg008_win00002,2,2,17,189,204,196.5,224,240,16,3,0.1875,5.333333333333333,151.33795898091546,1431.4486142818282,0.02041902649322809
2PTN,A,2PTN_fft_data.csv,seg008,2PTN_A_seg008,187,208,22,222,244,win00002,2PTN_A_seg008_win00002,2,2,17,189,204,196.5,224,240,16,4,0.25,4.0,165.68039836385253,1715.6246501253042,0.024472680914864237
2PTN,A,2PTN_fft_data.csv,seg008,2PTN_A_seg008,187,208,22,222,244,win00002,2PTN_A_seg008_win00002,2,2,17,189,204,196.5,224,240,16,5,0.3125,3.2,198.9513092303276,2473.85146527884,0.035288474979720416
2PTN,A,2PTN_fft_data.csv,seg008,2PTN_A_seg008,187,208,22,222,244,win00002,2PTN_A_seg008_win00002,2,2,17,189,204,196.5,224,240,16,6,0.375,2.6666666666666665,106.44865310941832,708.2072343005796,0.010102285290299787
2PTN,A,2PTN_fft_data.csv,seg008,2PTN_A_seg008,187,208,22,222,244,win00002,2PTN_A_seg008_win00002,2,2,17,189,204,196.5,224,240,16,7,0.4375,2.2857142857142856,117.25575642882752,859.307025981033,0.012257661752061465
2PTN,A,2PTN_fft_data.csv,seg008,2PTN_A_seg008,187,208,22,222,244,win00002,2PTN_A_seg008_win00002,2,2,17,189,204,196.5,224,240,16,8,0.5,2.0,155.37685000000005,1508.8728447451572,0.02152345133759575
2PTN,A,2PTN_fft_data.csv,seg008,2PTN_A_seg008,187,208,22,222,244,win00003,2PTN_A_seg008_win00003,3,3,18,190,205,197.5,225,241,16,0,0.0,,2.842170943040401e-14,5.048709793414476e-29,
2PTN,A,2PTN_fft_data.csv,seg008,2PTN_A_seg008,187,208,22,222,244,win00003,2PTN_A_seg008_win00003,3,3,18,190,205,197.5,225,241,16,1,0.0625,16.0,714.7211564867308,31926.64572060812,0.5038190514912476
2PTN,A,2PTN_fft_data.csv,seg008,2PTN_A_seg008,187,208,22,222,244,win00003,2PTN_A_seg008_win00003,3,3,18,190,205,197.5,225,241,16,2,0.125,8.0,582.0238320534253,21171.98381738461,0.3341049009159608
2PTN,A,2PTN_fft_data.csv,seg008,2PTN_A_seg008,187,208,22,222,244,win00003,2PTN_A_seg008_win00003,3,3,18,190,205,197.5,225,241,16,3,0.1875,5.333333333333333,322.3976878270092,6496.2668197626035,0.10251446443853099
2PTN,A,2PTN_fft_data.csv,seg008,2PTN_A_seg008,187,208,22,222,244,win00003,2PTN_A_seg008_win00003,3,3,18,190,205,197.5,225,241,16,4,0.25,4.0,21.968306324897053,30.16290517403199,0.00047598630961698745
2PTN,A,2PTN_fft_data.csv,seg008,2PTN_A_seg008,187,208,22,222,244,win00003,2PTN_A_seg008_win00003,3,3,18,190,205,197.5,225,241,16,5,0.3125,3.2,90.47492292217981,511.60697986089866,0.008073423859977927
2PTN,A,2PTN_fft_data.csv,seg008,2PTN_A_seg008,187,208,22,222,244,win00003,2PTN_A_seg008_win00003,3,3,18,190,205,197.5,225,241,16,6,0.375,2.6666666666666665,196.71798121279372,2418.6227582773163,0.038167123306782895
2PTN,A,2PTN_fft_data.csv,seg008,2PTN_A_seg008,187,208,22,222,244,win00003,2PTN_A_seg008_win00003,3,3,18,190,205,197.5,225,241,16,7,0.4375,2.2857142857142856,113.03489621099826,798.5554850894467,0.012601620307428741
2PTN,A,2PTN_fft_data.csv,seg008,2PTN_A_seg008,187,208,22,222,244,win00003,2PTN_A_seg008_win00003,3,3,18,190,205,197.5,225,241,16,8,0.5,2.0,15.71034899999998,15.425941606362523,0.0002434293704540442
2PTN,A,2PTN_fft_data.csv,seg008,2PTN_A_seg008,187,208,22,222,244,win00004,2PTN_A_seg008_win00004,4,4,19,191,206,198.5,226,242,16,0,0.0,,1.2789769243681803e-13,1.0223637331664313e-27,
2PTN,A,2PTN_fft_data.csv,seg008,2PTN_A_seg008,187,208,22,222,244,win00004,2PTN_A_seg008_win00004,4,4,19,191,206,198.5,226,242,16,1,0.0625,16.0,567.22073753734,20108.710318275247,0.3580232520326635
2PTN,A,2PTN_fft_data.csv,seg008,2PTN_A_seg008,187,208,22,222,244,win00004,2PTN_A_seg008_win00004,4,4,19,191,206,198.5,226,242,16,2,0.125,8.0,530.9038083515513,17616.178357636298,0.31364524945473143
2PTN,A,2PTN_fft_data.csv,seg008,2PTN_A_seg008,187,208,22,222,244,win00004,2PTN_A_seg008_win00004,4,4,19,191,206,198.5,226,242,16,3,0.1875,5.333333333333333,426.2172138931097,11353.819588675302,0.20214779306037287
2PTN,A,2PTN_fft_data.csv,seg008,2PTN_A_seg008,187,208,22,222,244,win00004,2PTN_A_seg008_win00004,4,4,19,191,206,198.5,226,242,16,4,0.25,4.0,204.71167444603478,2619.179353406208,0.04663288171748498
2PTN,A,2PTN_fft_data.csv,seg008,2PTN_A_seg008,187,208,22,222,244,win00004,2PTN_A_seg008_win00004,4,4,19,191,206,198.5,226,242,16,5,0.3125,3.2,110.29352618037335,760.2913698312939,0.01353652145816557
2PTN,A,2PTN_fft_data.csv,seg008,2PTN_A_seg008,187,208,22,222,244,win00004,2PTN_A_seg008_win00004,4,4,19,191,206,198.5,226,242,16,6,0.375,2.6666666666666665,42.73226053675623,114.12788066132586,0.0020319769062876565
2PTN,A,2PTN_fft_data.csv,seg008,2PTN_A_seg008,187,208,22,222,244,win00004,2PTN_A_seg008_win00004,4,4,19,191,206,198.5,226,242,16,7,0.4375,2.2857142857142856,171.11704125982445,1830.0651130947788,0.03258318673108792
2PTN,A,2PTN_fft_data.csv,seg008,2PTN_A_seg008,187,208,22,222,244,win00004,2PTN_A_seg008_win00004,4,4,19,191,206,198.5,226,242,16,8,0.5,2.0,167.97913899999998,1763.561946198832,0.03139913863920611
2PTN,A,2PTN_fft_data.csv,seg008,2PTN_A_seg008,187,208,22,222,244,win00005,2PTN_A_seg008_win00005,5,5,20,192,207,199.5,227,243,16,0,0.0,,1.1368683772161603e-13,8.077935669463161e-28,
2PTN,A,2PTN_fft_data.csv,seg008,2PTN_A_seg008,187,208,22,222,244,win00005,2PTN_A_seg008_win00005,5,5,20,192,207,199.5,227,243,16,1,0.0625,16.0,367.69261979414387,8449.866415692552,0.21308640154598682
2PTN,A,2PTN_fft_data.csv,seg008,2PTN_A_seg008,187,208,22,222,244,win00005,2PTN_A_seg008_win00005,5,5,20,192,207,199.5,227,243,16,2,0.125,8.0,383.4362034905816,9188.957634204418,0.23172460011850524
2PTN,A,2PTN_fft_data.csv,seg008,2PTN_A_seg008,187,208,22,222,244,win00005,2PTN_A_seg008_win00005,5,5,20,192,207,199.5,227,243,16,3,0.1875,5.333333333333333,399.18224002924995,9959.153797173109,0.2511471946043464
2PTN,A,2PTN_fft_data.csv,seg008,2PTN_A_seg008,187,208,22,222,244,win00005,2PTN_A_seg008_win00005,5,5,20,192,207,199.5,227,243,16,4,0.25,4.0,294.84656605480114,5433.406094644263,0.1370181368424494
2PTN,A,2PTN_fft_data.csv,seg008,2PTN_A_seg008,187,208,22,222,244,win00005,2PTN_A_seg008_win00005,5,5,20,192,207,199.5,227,243,16,5,0.3125,3.2,243.3733463305508,3701.911606508139,0.09335378623349398
2PTN,A,2PTN_fft_data.csv,seg008,2PTN_A_seg008,187,208,22,222,244,win00005,2PTN_A_seg008_win00005,5,5,20,192,207,199.5,227,243,16,6,0.375,2.6666666666666665,198.67250313154315,2466.922718784564,0.062210176963461664
2PTN,A,2PTN_fft_data.csv,seg008,2PTN_A_seg008,187,208,22,222,244,win00005,2PTN_A_seg008_win00005,5,5,20,192,207,199.5,227,243,16,7,0.4375,2.2857142857142856,68.29435288760048,291.5074147710065,0.007351153613762327
2PTN,A,2PTN_fft_data.csv,seg008,2PTN_A_seg008,187,208,22,222,244,win00005,2PTN_A_seg008_win00005,5,5,20,192,207,199.5,227,243,16,8,0.5,2.0,51.05653499999997,162.92311038788887,0.004108550077994273
2PTN,A,2PTN_fft_data.csv,seg008,2PTN_A_seg008,187,208,22,222,244,win00006,2PTN_A_seg008_win00006,6,6,21,193,208,200.5,228,244,16,0,0.0,,7.105427357601002e-14,3.155443620884047e-28,
2PTN,A,2PTN_fft_data.csv,seg008,2PTN_A_seg008,187,208,22,222,244,win00006,2PTN_A_seg008_win00006,6,6,21,193,208,200.5,228,244,16,1,0.0625,16.0,173.08939953250587,1872.4962644077152,0.10382263347950677
2PTN,A,2PTN_fft_data.csv,seg008,2PTN_A_seg008,187,208,22,222,244,win00006,2PTN_A_seg008_win00006,6,6,21,193,208,200.5,228,244,16,2,0.125,8.0,196.17623233968754,2405.319633437192,0.1333656165035937
2PTN,A,2PTN_fft_data.csv,seg008,2PTN_A_seg008,187,208,22,222,244,win00006,2PTN_A_seg008_win00006,6,6,21,193,208,200.5,228,244,16,3,0.1875,5.333333333333333,250.39460373427676,3918.591098702843,0.2172706323263983
2PTN,A,2PTN_fft_data.csv,seg008,2PTN_A_seg008,187,208,22,222,244,win00006,2PTN_A_seg008_win00006,6,6,21,193,208,200.5,228,244,16,4,0.25,4.0,212.37959103866743,2819.0681681094766,0.15630636318729993
2PTN,A,2PTN_fft_data.csv,seg008,2PTN_A_seg008,187,208,22,222,244,win00006,2PTN_A_seg008_win00006,6,6,21,193,208,200.5,228,244,16,5,0.3125,3.2,158.86228174315542,1577.3265350401057,0.08745662025487058
2PTN,A,2PTN_fft_data.csv,seg008,2PTN_A_seg008,187,208,22,222,244,win00006,2PTN_A_seg008_win00006,6,6,21,193,208,200.5,228,244,16,6,0.375,2.6666666666666665,184.615865485601,2130.1886118123452,0.11811067166874567
2PTN,A,2PTN_fft_data.csv,seg008,2PTN_A_seg008,187,208,22,222,244,win00006,2PTN_A_seg008_win00006,6,6,21,193,208,200.5,228,244,16,7,0.4375,2.2857142857142856,176.44750140280095,1945.8575469557152,0.10789023120685215
2PTN,A,2PTN_fft_data.csv,seg008,2PTN_A_seg008,187,208,22,222,244,win00006,2PTN_A_seg008_win00006,6,6,21,193,208,200.5,228,244,16,8,0.5,2.0,147.87468,1366.6825615689002,0.07577723137273283
