plane_index_A,plane_index_B,chain,res_i_A,res_j_A,res_i_B,res_j_B,dot,angle_unsigned_deg,angle_signed_deg,dihedral_deg
0,1,A,803,804,804,805,0.051597,87.042396,-92.957604,114.593269
1,2,A,804,805,805,806,0.119651,83.128044,-83.128044,-68.358130
2,3,A,805,806,806,807,0.203471,78.260020,-78.260020,-4.814605
3,4,A,806,807,807,808,0.410791,65.745441,-114.254559,-144.679542
4,5,A,807,808,808,809,0.121677,83.011132,-96.988868,109.160977
5,6,A,808,809,809,810,0.100615,84.225431,-95.774569,109.737025
6,7,A,809,810,810,811,0.724670,43.558575,-136.441425,157.177879
7,8,A,810,811,811,812,0.291468,73.054150,-106.945850,132.662924
8,9,A,811,812,812,813,0.819846,34.930595,-145.069405,-166.997521
9,10,A,812,813,813,814,0.189589,79.071210,-100.928790,140.642610
10,11,A,813,814,814,815,0.160979,80.736252,-99.263748,133.044372
11,12,A,814,815,815,816,0.631700,50.824377,-129.175623,-148.348509
12,13,A,815,816,816,817,0.335901,70.372681,109.627319,166.250850
13,14,A,816,817,817,818,0.584879,54.205580,54.205580,39.591867
14,15,A,817,818,818,819,0.789496,37.861579,-142.138421,-172.083457
15,16,A,818,819,819,820,0.873618,29.118135,150.881865,159.302379
16,17,A,819,820,820,821,0.456969,62.808288,-117.191712,142.063165
17,18,A,820,821,821,822,0.369805,68.296393,-111.703607,147.132321
18,19,A,821,822,822,823,0.718332,44.083077,-135.916923,-179.889020
19,20,A,822,823,823,824,0.952916,17.652063,-162.347937,-175.055079
20,21,A,823,824,824,825,0.368361,68.385436,-111.614564,150.796468
21,22,A,824,825,825,826,0.219040,77.347344,-77.347344,18.457091
22,23,A,825,826,826,827,0.276410,73.953926,-73.953926,-20.986017
23,24,A,826,827,827,828,0.070110,85.979694,94.020306,-115.318071
24,25,A,827,828,828,829,0.033197,88.097609,-88.097609,-41.253603
25,26,A,828,829,829,830,0.272096,74.210961,-74.210961,6.919639
26,27,A,829,830,830,831,0.858102,30.895880,-149.104120,172.506951
27,28,A,830,831,831,832,0.034497,88.023092,88.023092,-62.367644
28,29,A,831,832,832,833,0.953594,17.523395,-162.476605,-163.343779
29,30,A,832,833,833,834,0.648599,49.563948,-130.436052,154.788787
30,31,A,833,834,834,835,0.330791,70.683217,-109.316783,130.719668
31,32,A,834,835,835,836,0.466440,62.196515,-117.803485,135.343945
32,33,A,835,836,836,837,0.528871,58.070818,-121.929182,147.258242
33,34,A,836,837,837,838,0.770752,39.578556,-140.421444,173.756625
34,35,A,837,838,838,839,0.988014,8.880107,171.119893,171.128000
35,36,A,838,839,839,840,0.126292,82.744615,-82.744615,65.355138
36,37,A,839,840,840,841,0.085885,85.073058,94.926942,-107.880674
37,38,A,840,841,841,842,0.154070,81.137147,98.862853,102.804847
38,39,A,841,842,842,843,0.190153,79.038274,100.961726,102.712590
39,40,A,842,843,843,844,0.307566,72.087409,107.912591,172.388290
40,41,A,843,844,844,845,0.072567,85.838574,94.161426,100.520208
41,42,A,844,845,845,846,0.310229,71.926997,108.073003,111.070371
42,43,A,845,846,846,847,0.500703,59.953461,120.046539,122.697276
43,44,A,846,847,847,848,0.376491,67.883484,-112.116516,138.036858
44,45,A,847,848,848,849,0.457449,62.777406,-117.222594,147.978956
45,46,A,848,849,849,850,0.475809,61.587982,-118.412018,150.204287
46,47,A,849,850,850,851,0.311034,71.878451,-108.121549,120.512185
47,48,A,850,851,851,852,0.289195,73.190227,-106.809773,-146.551327
48,49,A,851,852,852,853,0.036863,87.887402,-92.112598,-98.223917
49,50,A,852,853,853,854,0.323440,71.128930,108.871070,152.212301
50,51,A,853,854,854,855,0.043050,87.532631,92.467369,100.604453
51,52,A,854,855,855,856,0.107430,83.832822,-96.167178,124.520509
52,53,A,855,856,856,857,0.524837,58.342713,58.342713,47.233001
53,54,A,856,857,857,858,0.896601,26.285169,-153.714831,171.023548
54,55,A,857,858,858,859,0.673548,47.658498,132.341502,141.379468
55,56,A,858,859,859,860,0.341808,70.012930,-109.987070,136.939568
56,57,A,859,860,860,861,0.483624,61.077665,-118.922335,160.221804
57,58,A,860,861,861,862,0.699223,45.635278,-134.364722,-155.436235
58,59,A,861,862,862,863,0.162114,80.670386,-99.329614,-175.306547
59,60,A,862,863,863,864,0.010322,89.408563,-90.591437,-91.796454
60,61,A,863,864,864,865,0.228936,76.765553,-103.234447,146.261380
61,62,A,864,865,865,866,0.198134,78.572110,-78.572110,-35.249955
62,63,A,865,866,866,867,0.230468,76.675360,-103.324640,136.397704
63,64,A,866,867,867,868,0.688154,46.515866,-133.484134,154.345436
64,65,A,867,868,868,869,0.169839,80.221534,-99.778466,124.836806
65,66,A,868,869,869,870,0.625606,51.273284,-128.726716,-170.332278
66,67,A,869,870,870,871,0.590348,53.818314,-126.181686,162.415211
67,68,A,870,871,871,872,0.599280,53.181651,-126.818349,160.115455
68,69,A,871,872,872,873,0.660696,48.647036,-131.352964,155.216089
69,70,A,872,873,873,874,0.662814,48.485154,-131.514846,155.281685
70,71,A,873,874,874,875,0.661017,48.622550,-131.377450,153.425681
71,72,A,874,875,875,876,0.088564,84.919022,-95.080978,-174.406700
72,73,A,875,876,876,877,0.724171,43.600108,-136.399892,168.478172
73,74,A,876,877,877,878,0.207903,78.000534,101.999466,103.149277
74,75,A,877,878,878,879,0.068766,86.056887,93.943113,-100.768201
75,76,A,878,879,879,880,0.057848,86.683703,93.316297,107.315333
76,77,A,879,880,880,881,0.229763,76.716882,-103.283118,-146.584366
77,78,A,880,881,881,882,0.800741,36.799085,-143.200915,175.618547
78,79,A,881,882,882,883,0.029936,88.284525,-88.284525,-86.854872
79,80,A,882,883,883,884,0.047232,87.292825,-87.292825,-46.765436
80,81,A,883,884,884,885,0.055993,86.790172,-93.209828,-178.603415
81,82,A,884,885,885,886,0.401508,66.327514,-113.672486,138.284276
82,83,A,885,886,886,887,0.656870,48.938395,-131.061605,175.150085
83,84,A,886,887,887,888,0.794580,37.384372,-142.615628,174.221588
84,85,A,887,888,888,889,0.544387,57.017212,-122.982788,-169.372695
85,86,A,888,889,889,890,0.907447,24.845155,-155.154845,176.361612
86,87,A,889,890,890,891,0.654600,49.110692,-130.889308,158.640323
