plane_index,chain,res_i,icode_i,resname_i,res_j,icode_j,resname_j,nx,ny,nz,rms
1,A,1,,MET,2,,GLN,0.608829,0.129971,-0.782582,0.009154
2,A,2,,GLN,3,,ILE,0.190455,-0.935433,0.297812,0.039015
3,A,3,,ILE,4,,PHE,-0.538003,0.445322,-0.715710,0.003165
4,A,4,,PHE,5,,VAL,0.507826,-0.848960,-0.146219,0.020644
5,A,5,,VAL,6,,LYS,-0.625140,0.198914,-0.754741,0.009872
6,A,6,,LYS,7,,THR,0.670093,-0.669484,-0.320572,0.002293
7,A,7,,THR,8,,LEU,-0.736142,-0.573371,0.359640,0.017242
8,A,8,,LEU,9,,THR,0.725992,0.000524,0.687702,0.004611
9,A,9,,THR,10,,GLY,0.581616,-0.644327,-0.496553,0.010504
10,A,10,,GLY,11,,LYS,0.694469,0.716701,0.063667,0.026749
11,A,11,,LYS,12,,THR,-0.892940,0.440440,0.093117,0.020119
12,A,12,,THR,13,,ILE,0.788833,0.356633,0.500555,0.008498
13,A,13,,ILE,14,,THR,-0.661185,0.682772,-0.310896,0.019392
14,A,14,,THR,15,,LEU,0.226301,0.105558,0.968321,0.011433
15,A,15,,LEU,16,,GLU,0.151755,0.606371,-0.780567,0.031969
16,A,16,,GLU,17,,VAL,-0.106553,0.548090,0.829605,0.017091
17,A,17,,VAL,18,,GLU,0.661664,-0.318099,-0.678980,0.027182
18,A,18,,GLU,19,,PRO,-0.297140,0.948646,0.108532,0.011379
19,A,19,,PRO,20,,SER,-0.758004,-0.615522,-0.215784,0.012684
20,A,20,,SER,21,,ASP,0.561005,-0.205568,-0.801882,0.019463
21,A,21,,ASP,22,,THR,-0.259830,-0.964909,0.037929,0.022955
22,A,22,,THR,23,,ILE,-0.887269,0.236315,-0.396118,0.021896
23,A,23,,ILE,24,,GLU,-0.140880,0.224516,0.964233,0.017652
24,A,24,,GLU,25,,ASN,0.690385,-0.720906,0.060527,0.005224
25,A,25,,ASN,26,,VAL,-0.343248,-0.316048,-0.884474,0.008396
26,A,26,,VAL,27,,LYS,-0.800247,0.523691,0.292153,0.003560
27,A,27,,LYS,28,,ALA,0.423200,-0.260489,0.867783,0.019734
28,A,28,,ALA,29,,LYS,0.384796,-0.750019,-0.537962,0.020338
29,A,29,,LYS,30,,ILE,-0.843286,0.129853,-0.521543,0.009198
30,A,30,,ILE,31,,GLN,-0.362616,0.305401,0.880477,0.012401
31,A,31,,GLN,32,,ASP,0.777114,-0.490436,0.394420,0.008541
32,A,32,,ASP,33,,LYS,-0.160030,-0.503845,-0.848840,0.023870
33,A,33,,LYS,34,,GLU,-0.971508,0.154077,-0.180091,0.015897
34,A,34,,GLU,35,,GLY,-0.711099,-0.321000,0.625537,0.023651
35,A,35,,GLY,36,,ILE,-0.073778,0.988916,0.128845,0.009631
36,A,36,,ILE,37,,PRO,0.820977,-0.057354,-0.568074,0.008492
37,A,37,,PRO,38,,PRO,-0.380046,0.270282,-0.884597,0.009663
38,A,38,,PRO,39,,ASP,0.013762,-0.999839,0.011502,0.014085
39,A,39,,ASP,40,,GLN,0.823082,0.304792,0.479205,0.013257
40,A,40,,GLN,41,,GLN,0.361585,0.618323,-0.697806,0.014198
41,A,41,,GLN,42,,ARG,0.287829,0.301654,0.908933,0.042552
42,A,42,,ARG,43,,LEU,0.766760,-0.029875,-0.641239,0.014382
43,A,43,,LEU,44,,ILE,0.196062,0.537341,0.820259,0.015414
44,A,44,,ILE,45,,PHE,0.607508,-0.633050,-0.479772,0.012266
45,A,45,,PHE,46,,ALA,0.195831,0.654126,0.730595,0.019965
46,A,46,,ALA,47,,GLY,0.808809,-0.580280,-0.095414,0.006996
47,A,47,,GLY,48,,LYS,-0.802185,-0.579558,-0.143571,0.012258
48,A,48,,LYS,49,,GLN,-0.079267,0.892431,0.444166,0.029235
49,A,49,,GLN,50,,LEU,-0.837658,0.077834,-0.540622,0.020494
50,A,50,,LEU,51,,GLU,-0.467835,0.034551,0.883140,0.012791
51,A,51,,GLU,52,,ASP,0.059564,0.913446,-0.402577,0.020745
52,A,52,,ASP,53,,GLY,0.927972,-0.226783,0.295699,0.019293
53,A,53,,GLY,54,,ARG,-0.414175,-0.459643,0.785613,0.017864
54,A,54,,ARG,55,,THR,0.565383,-0.788449,-0.242261,0.016972
55,A,55,,THR,56,,LEU,0.570460,0.644987,0.508495,0.016134
56,A,56,,LEU,57,,SER,-0.121622,0.483460,-0.866876,0.018496
57,A,57,,SER,58,,ASP,-0.011460,-0.968102,-0.250295,0.004451
58,A,58,,ASP,59,,TYR,0.547608,0.071215,0.833699,0.029012
59,A,59,,TYR,60,,ASN,0.741624,0.517043,-0.427388,0.001926
60,A,60,,ASN,61,,ILE,0.124034,0.330624,0.935577,0.021464
61,A,61,,ILE,62,,GLN,-0.729409,-0.672344,0.126161,0.015891
62,A,62,,GLN,63,,LYS,0.849332,-0.519759,0.092115,0.015343
63,A,63,,LYS,64,,GLU,0.168318,-0.180138,0.969133,0.009554
64,A,64,,GLU,65,,SER,-0.930802,-0.334316,-0.147789,0.029052
65,A,65,,SER,66,,THR,-0.380673,0.755115,-0.533750,0.020881
66,A,66,,THR,67,,LEU,-0.014028,-0.938217,-0.345764,0.031358
67,A,67,,LEU,68,,HIS,-0.899469,0.432500,-0.062448,0.012140
68,A,68,,HIS,69,,LEU,0.273280,-0.482177,-0.832360,0.017411
69,A,69,,LEU,70,,VAL,-0.984154,0.088585,0.153602,0.033051
70,A,70,,VAL,71,,LEU,0.281911,0.132729,-0.950215,0.010438
71,A,71,,LEU,72,,ARG,-0.822285,-0.568344,0.028859,0.014076
72,A,72,,ARG,73,,LEU,0.091838,0.315762,-0.944383,0.003821
73,A,73,,LEU,74,,ARG,-0.368236,-0.888911,-0.272471,0.004004
74,A,74,,ARG,75,,GLY,-0.287258,0.689032,-0.665371,0.007651
75,A,75,,GLY,76,,GLY,-0.919325,-0.387188,-0.070201,0.005219
