protein,chain,segment_id,seg_start_seq_index,seg_end_seq_index,seg_length,dominant_freq_cycles_per_residue,helix_band_power_fraction,sheet_band_power_fraction,freq_cycles_per_residue,power,amplitude
1TEN,A,0,0,86,87,0.011494252873563218,0.04760521968168778,0.002308593056511566,0.0,6.523699224376875,1827.4672898509089
1TEN,A,0,0,86,87,0.011494252873563218,0.04760521968168778,0.002308593056511566,0.011494252873563218,6.978175934398604,3083.8125192687735
1TEN,A,0,0,86,87,0.011494252873563218,0.04760521968168778,0.002308593056511566,0.022988505747126436,6.37835698471681,1545.8896601265885
1TEN,A,0,0,86,87,0.011494252873563218,0.04760521968168778,0.002308593056511566,0.034482758620689655,6.20907934934409,1272.153961522368
1TEN,A,0,0,86,87,0.011494252873563218,0.04760521968168778,0.002308593056511566,0.04597701149425287,5.622705610434848,647.6685447279249
1TEN,A,0,0,86,87,0.011494252873563218,0.04760521968168778,0.002308593056511566,0.05747126436781609,6.291165298468497,1398.2429852847506
1TEN,A,0,0,86,87,0.011494252873563218,0.04760521968168778,0.002308593056511566,0.06896551724137931,6.2262759515069,1297.5914514939975
1TEN,A,0,0,86,87,0.011494252873563218,0.04760521968168778,0.002308593056511566,0.08045977011494253,5.324132944417699,459.2683021062324
1TEN,A,0,0,86,87,0.011494252873563218,0.04760521968168778,0.002308593056511566,0.09195402298850575,5.6263152426345435,650.3656889574124
1TEN,A,0,0,86,87,0.011494252873563218,0.04760521968168778,0.002308593056511566,0.10344827586206896,5.888065398470767,879.0887033638634
1TEN,A,0,0,86,87,0.011494252873563218,0.04760521968168778,0.002308593056511566,0.11494252873563218,5.736142392851386,738.0252089858386
1TEN,A,0,0,86,87,0.011494252873563218,0.04760521968168778,0.002308593056511566,0.12643678160919541,5.902785505086443,894.1137065103425
1TEN,A,0,0,86,87,0.011494252873563218,0.04760521968168778,0.002308593056511566,0.13793103448275862,5.969210019618881,965.1726565716411
1TEN,A,0,0,86,87,0.011494252873563218,0.04760521968168778,0.002308593056511566,0.14942528735632182,5.519066649380024,574.8219249255213
1TEN,A,0,0,86,87,0.011494252873563218,0.04760521968168778,0.002308593056511566,0.16091954022988506,5.0049927892394805,318.05072846032874
1TEN,A,0,0,86,87,0.011494252873563218,0.04760521968168778,0.002308593056511566,0.1724137931034483,5.688984787618735,699.0244940081529
1TEN,A,0,0,86,87,0.011494252873563218,0.04760521968168778,0.002308593056511566,0.1839080459770115,5.4929729512201,557.810231068685
1TEN,A,0,0,86,87,0.011494252873563218,0.04760521968168778,0.002308593056511566,0.1954022988505747,4.860304759698071,269.24793418756855
1TEN,A,0,0,86,87,0.011494252873563218,0.04760521968168778,0.002308593056511566,0.20689655172413793,5.066364408776931,341.33608610459703
1TEN,A,0,0,86,87,0.011494252873563218,0.04760521968168778,0.002308593056511566,0.21839080459770116,5.311691743534531,452.73687807131375
1TEN,A,0,0,86,87,0.011494252873563218,0.04760521968168778,0.002308593056511566,0.22988505747126436,4.351791717943681,149.9325263788148
1TEN,A,0,0,86,87,0.011494252873563218,0.04760521968168778,0.002308593056511566,0.24137931034482757,4.974816197838033,307.19072499934
1TEN,A,0,0,86,87,0.011494252873563218,0.04760521968168778,0.002308593056511566,0.25287356321839083,5.523920971446717,578.0434517377688
1TEN,A,0,0,86,87,0.011494252873563218,0.04760521968168778,0.002308593056511566,0.26436781609195403,5.368824201102196,483.5173924297403
1TEN,A,0,0,86,87,0.011494252873563218,0.04760521968168778,0.002308593056511566,0.27586206896551724,4.751487972907873,237.54395688499127
1TEN,A,0,0,86,87,0.011494252873563218,0.04760521968168778,0.002308593056511566,0.28735632183908044,3.4560033691597134,53.456643282298735
1TEN,A,0,0,86,87,0.011494252873563218,0.04760521968168778,0.002308593056511566,0.29885057471264365,3.958552120458443,95.34020034502687
1TEN,A,0,0,86,87,0.011494252873563218,0.04760521968168778,0.002308593056511566,0.3103448275862069,4.615557064743216,203.13208786065132
1TEN,A,0,0,86,87,0.011494252873563218,0.04760521968168778,0.002308593056511566,0.3218390804597701,4.453608480697333,168.57929774031211
1TEN,A,0,0,86,87,0.011494252873563218,0.04760521968168778,0.002308593056511566,0.3333333333333333,3.198827791154872,39.7570265156391
1TEN,A,0,0,86,87,0.011494252873563218,0.04760521968168778,0.002308593056511566,0.3448275862068966,3.6015893962922148,63.21129650631152
1TEN,A,0,0,86,87,0.011494252873563218,0.04760521968168778,0.002308593056511566,0.3563218390804598,4.205001323769242,126.61951972092827
1TEN,A,0,0,86,87,0.011494252873563218,0.04760521968168778,0.002308593056511566,0.367816091954023,4.0961449975881585,111.70497064655758
1TEN,A,0,0,86,87,0.011494252873563218,0.04760521968168778,0.002308593056511566,0.3793103448275862,4.036386503513735,104.27813415188594
1TEN,A,0,0,86,87,0.011494252873563218,0.04760521968168778,0.002308593056511566,0.3908045977011494,4.749753855829127,237.0701791603935
1TEN,A,0,0,86,87,0.011494252873563218,0.04760521968168778,0.002308593056511566,0.40229885057471265,5.059616443766304,338.6945605263647
1TEN,A,0,0,86,87,0.011494252873563218,0.04760521968168778,0.002308593056511566,0.41379310344827586,4.981121290138787,309.42873728962485
1TEN,A,0,0,86,87,0.011494252873563218,0.04760521968168778,0.002308593056511566,0.42528735632183906,4.263355973330695,135.4184961793284
1TEN,A,0,0,86,87,0.011494252873563218,0.04760521968168778,0.002308593056511566,0.4367816091954023,4.681927127653486,219.26209724352447
1TEN,A,0,0,86,87,0.011494252873563218,0.04760521968168778,0.002308593056511566,0.4482758620689655,4.14156933775149,117.70222396858189
1TEN,A,0,0,86,87,0.011494252873563218,0.04760521968168778,0.002308593056511566,0.45977011494252873,3.3345290617653585,46.479829981726475
1TEN,A,0,0,86,87,0.011494252873563218,0.04760521968168778,0.002308593056511566,0.47126436781609193,3.8842449967631283,87.52306104827049
1TEN,A,0,0,86,87,0.011494252873563218,0.04760521968168778,0.002308593056511566,0.48275862068965514,4.601486897560077,199.86808380466047
1TEN,A,0,0,86,87,0.011494252873563218,0.04760521968168778,0.002308593056511566,0.4942528735632184,3.777797362042355,77.42811403052775
