protein,chain,segment_id,seg_start_seq_index,seg_end_seq_index,seg_length,window_idx,window_center_seq_index,window_start_seq_index,window_end_seq_index,theta_arithmetic_mean,theta_variance,theta_circular_mean,theta_R,dominant_freq_cycles_per_residue,total_power,spectral_entropy,helix_band_power_fraction,sheet_band_power_fraction,inter_band_power_fraction,helix_band_peak_freq,sheet_band_peak_freq,helix_band_weighted_mean_freq,sheet_band_weighted_mean_freq,autocorr_lag_1,autocorr_lag_2,autocorr_lag_3,autocorr_lag_4,autocorr_lag_5,autocorr_lag_6,autocorr_lag_7,autocorr_lag_8,autocorr_lag_9,autocorr_lag_10
2HHB,A,0,0,138,139,0,27,0,54,69.30777454545454,4503.152223862088,98.60239271948876,0.7085381540292759,0.01818181818181818,333625.93353145046,2.7164037655842512,0.09529098177222307,0.003243349192401968,0.061482499088532705,0.3090909090909091,0.4909090909090909,0.28032285473985974,0.48736435495320285,0.5309979608958465,0.2497927546757962,0.21510099524247026,0.003230367111153196,0.06895563994484052,-0.03238102945790357,-0.14675940494842477,-0.09509769441755273,-0.09653799711743209,-0.05032822454838236
2HHB,A,0,0,138,139,1,28,1,55,72.86838967272728,3976.322462335883,98.04956320097126,0.7438674683367182,0.01818181818181818,363320.65291952493,3.2230219928271833,0.12149702170196505,0.0032722929090560106,0.07819438328254835,0.3090909090909091,0.4909090909090909,0.2814071019441562,0.4873140923531717,0.43023068541965925,0.2791595831735317,0.23910901201173332,-0.00790598205349605,0.015798156223445884,-0.0911641306242511,-0.22090856326553462,-0.15794850552037315,-0.10907957378589607,-0.09535000863911729
2HHB,A,0,0,138,139,2,29,2,56,76.0914016181818,3552.446008448275,98.08089752645964,0.7802183653390494,0.01818181818181818,404566.69641488825,3.630542392609036,0.14713506461268375,0.003277699038236371,0.09526961065290837,0.21818181818181817,0.4909090909090909,0.28248527668767437,0.48669701181082675,0.5316406209400256,0.33965079067260373,0.2887267059852924,-0.025395911127449072,0.002338924983422234,-0.1994648781010359,-0.35108908985402143,-0.2800141777733993,-0.19758558146855978,-0.11008985148700892
2HHB,A,0,0,138,139,3,30,3,57,76.11653745454544,3553.748157077,98.11303881747196,0.7801884569951694,0.01818181818181818,490830.6073602577,3.7891097545068866,0.1591799170567317,0.003088591013556299,0.10415848325796045,0.21818181818181817,0.4909090909090909,0.28337314608534764,0.485312708461268,0.5413007768332593,0.35353427407004284,0.3028613874381471,-0.0025516654197934086,0.02428020550494445,-0.17650617425977116,-0.3926216389443666,-0.3168133368428808,-0.24258212832427575,-0.16045584349627712
2HHB,A,0,0,138,139,4,31,4,58,76.08163752727272,3552.198413206947,98.06830858756128,0.7801907010553485,0.01818181818181818,598596.9683766749,3.885230771145872,0.16687660692708356,0.0029550701591852338,0.1107902580461754,0.21818181818181817,0.4909090909090909,0.2841119636772296,0.4833278644741376,0.5480743428419595,0.3668110453880704,0.3191065081211367,0.01858491013804786,0.04942121027723941,-0.14946754550505978,-0.36241733770525053,-0.3578590585372146,-0.2817628160445978,-0.20893696091499173
2HHB,A,0,0,138,139,5,32,5,59,75.99213434545455,3548.2551270311105,97.95362438997513,0.7801921910786213,0.03636363636363636,730379.4696265816,3.935095811224434,0.17063423048705184,0.0028618490907554982,0.11520166156181937,0.21818181818181817,0.4909090909090909,0.2847878070262892,0.4810208906744297,0.5564221695033655,0.3773368503841882,0.33357533761175606,0.04019943785784788,0.06898206625207216,-0.12087864483585563,-0.33142340672617016,-0.3297536941507018,-0.32370775936980123,-0.2484206783500565
2HHB,A,0,0,138,139,6,33,6,60,75.90753290909092,3544.803729900406,97.8452544821237,0.7801522199235215,0.03636363636363636,888656.2925532006,3.9526985359617974,0.17109197701140252,0.002798856169835862,0.11760533111552027,0.21818181818181817,0.4909090909090909,0.28539834410265297,0.4786068606774885,0.5647060949733474,0.38924057805834517,0.34522730811243496,0.059180935836369054,0.09028341505337455,-0.09735259138085742,-0.30069954339076005,-0.30041638499562223,-0.2965570576552619,-0.28858586215508536
2HHB,A,0,0,138,139,7,34,7,61,75.95801234545455,3547.089497524167,97.90994842757085,0.7801415226954933,0.03636363636363636,1072958.1586061986,3.951522406477243,0.1693731489237826,0.002760083485651102,0.11860258582004904,0.21818181818181817,0.4909090909090909,0.28590911651559014,0.4762607274913129,0.5728955688681563,0.40001178900575723,0.3563390387356818,0.07373541307114236,0.10648729976087772,-0.0777696645937483,-0.27958833022229623,-0.27593589241674177,-0.27257262892029577,-0.2660447516627418
2HHB,A,0,0,138,139,8,35,8,62,76.00173376363635,3548.859188726633,97.9659611831682,0.7801644226371578,0.03636363636363636,1283054.6534254034,3.9388662053542793,0.1661510563576229,0.0027366884355397095,0.11848281340851477,0.21818181818181817,0.4909090909090909,0.28633623262867125,0.47409681646033125,0.578550353287301,0.41026116810670465,0.36793665061749664,0.08912849902317418,0.12020027453652905,-0.05952433213177091,-0.2572036905582293,-0.25407916280791537,-0.2471330594404731,-0.24162732936460313
2HHB,A,0,0,138,139,9,36,9,63,76.11335636363634,3553.500277266153,98.10893393518415,0.7802048869684436,0.03636363636363636,1515143.0032879147,3.921043100253624,0.16212293230394517,0.002728230548988114,0.1177244348775213,0.21818181818181817,0.45454545454545453,0.2867043825171241,0.4721449814138225,0.5842848438993113,0.4179536683407478,0.3782202338205918,0.10253575958211682,0.1333490237162782,-0.04528413563763236,-0.23869272316701093,-0.23423116278393558,-0.2280826033016599,-0.21954659316582445
2HHB,A,0,0,138,139,10,37,10,64,76.05100290909091,3550.7987780117405,98.02902748734942,0.780198733618668,0.03636363636363636,1764477.0698978053,3.90146385863572,0.15769020947242482,0.002730629068142278,0.11662103305773562,0.21818181818181817,0.45454545454545453,0.2870326609769602,0.47042446186194703,0.589062329518336,0.4257488082275251,0.38605329830241736,0.11560409615734718,0.1462599115688222,-0.029994540515937758,-0.2219029730641878,-0.21564058958592106,-0.20808237370709504,-0.20082419835458593
2HHB,A,0,0,138,139,11,38,11,65,76.27086803636362,3558.862008144858,98.30969011267747,0.7804440186606039,0.03636363636363636,2028878.3589639082,3.8802738509380843,0.15288327123089768,0.002739477629091944,0.11511237916225119,0.21818181818181817,0.45454545454545453,0.2873316829068124,0.4688976645767238,0.5940194749910468,0.431832034182674,0.39378685529406066,0.12552309741348713,0.15774018952701732,-0.01712930938437189,-0.20723623692938054,-0.2021038294263816,-0.19249882381867453,-0.18444272112866167
2HHB,A,0,0,138,139,12,39,12,66,76.44274898181818,3565.5914065246257,98.52944982558313,0.7805740449461473,0.03636363636363636,2297826.4874314386,3.8612505250073212,0.1482306841454327,0.0027583876197241016,0.11358377652839065,0.21818181818181817,0.45454545454545453,0.28758928852863774,0.46755069333166266,0.5975250072367133,0.4381487987674306,0.4000454125815957,0.13456103406943482,0.166190518962517,-0.005559359078331691,-0.19443042470297328,-0.1888889438314455,-0.18033867301078327,-0.17082997354803245
2HHB,A,0,0,138,139,13,40,13,67,76.39591316363637,3563.8153659842533,98.4695403314069,0.7805295592892029,0.03636363636363636,2567019.5326004094,3.843706754961536,0.143604568201813,0.002783886282864715,0.11194984871343996,0.34545454545454546,0.45454545454545453,0.2878054663481305,0.4663602352323154,0.600223279644907,0.4428234689048044,0.4065990128009518,0.14296230503046303,0.17538218019418483,0.0048916036199906955,-0.18013963813188003,-0.17463653178092603,-0.16617359674260807,-0.15772051729364714
2HHB,A,0,0,138,139,14,41,14,68,76.34551014545455,3561.409482815604,98.40500421362567,0.7805571870458811,0.03636363636363636,2822741.440662898,3.829411136104829,0.13936678246129444,0.002820915885490233,0.110500609250481,0.34545454545454546,0.45454545454545453,0.287998756200969,0.465310218175463,0.6040823892723718,0.4467204809993568,0.411042138599457,0.15027150980118248,0.18201639035705672,0.013381651309771652,-0.1706743799114322,-0.16369058592268476,-0.15525834972585772,-0.14688702584005847
2HHB,A,0,0,138,139,15,42,15,69,76.32274634545453,3560.2601074466647,98.37588684985217,0.7805792910483016,0.03636363636363636,3059840.663335932,3.8168640499649578,0.135320398807732,0.002865543461380087,0.10912383033872818,0.34545454545454546,0.45454545454545453,0.28817427737380047,0.4643852670977826,0.6066181404384565,0.45111380860632144,0.4147235911461601,0.15541721073194187,0.18809805181658218,0.0198364673654878,-0.16265625728700117,-0.15592513240867512,-0.14619704571575723,-0.13788774590783162
2HHB,A,0,0,138,139,16,43,16,70,76.0323902,3552.0607421556865,98.00846507609205,0.7798854431116429,0.03636363636363636,3283714.783972879,3.801895673538834,0.13094690558643604,0.0029059522531471663,0.10739619940635176,0.34545454545454546,0.45454545454545453,0.28833040614935523,0.4635669342957099,0.6063822022785184,0.4537698729911672,0.41926791884903863,0.16200552584082745,0.19443843649366782,0.029749310383096014,-0.15131864454857646,-0.14341191233572825,-0.1344505406618252,-0.12410717836302257
2HHB,A,0,0,138,139,17,44,17,71,76.32152396363635,3566.252438328417,98.37770915598074,0.7796637827598876,0.03636363636363636,3457598.7653005,3.793736007259831,0.12747369671549968,0.0029705743700486837,0.10630781684847222,0.34545454545454546,0.45454545454545453,0.2884619200194219,0.46283458356130586,0.6094246198291031,0.4546567462514148,0.4213358895974043,0.1642340867413984,0.19606152373177096,0.03146441213873479,-0.14857465747595122,-0.14154949976861708,-0.13198696464621684,-0.12135957297748935
2HHB,A,0,0,138,139,18,45,18,72,76.3367397090909,3566.870334388404,98.39721551693073,0.7796719104120335,0.03636363636363636,3598335.4908979693,3.7852804018499424,0.1239457633944335,0.003042293074613234,0.10509659256344171,0.34545454545454546,0.45454545454545453,0.2885593514385175,0.46216649400199517,0.608306687228933,0.4591775782044382,0.42280732398432613,0.16685291162854934,0.1994876768787391,0.03490095055340855,-0.1450205496193789,-0.1369216804664432,-0.1274653950225546,-0.11688687084176799
2HHB,A,0,0,138,139,19,46,19,73,75.90697776363635,3564.628159941165,97.88018572827511,0.7771970465139131,0.03636363636363636,3706410.869054424,3.7752331932592025,0.12021306271789661,0.0031163358662942733,0.10363245398380029,0.34545454545454546,0.45454545454545453,0.2886302630540658,0.4615632451271197,0.6059822698902151,0.4545815577797856,0.4274834585506564,0.16942400581348746,0.20313581407467995,0.04180032865175697,-0.13709869008853112,-0.1282665593164259,-0.11815326663249458,-0.10779188636314106
2HHB,A,0,0,138,139,20,47,20,74,75.86549107272727,3562.685324301063,97.82682703644484,0.7772153412398323,0.03636363636363636,3750285.739494529,3.771191473439092,0.11717544756224195,0.003218042786647127,0.10270283882833203,0.34545454545454546,0.45454545454545453,0.2886770602641201,0.46101736556492584,0.6094619965430592,0.45496495632204137,0.42654594680393904,0.1720860048750447,0.20322412854325972,0.04250176527241293,-0.13526933330413551,-0.12772626494458048,-0.11696895950150177,-0.10644875516657219
2HHB,A,0,0,138,139,21,48,21,75,76.0023589090909,3568.993103416225,98.00277550821254,0.7771710797625633,0.03636363636363636,3740481.001887143,3.7695364833549423,0.11436927353112189,0.003337416441487905,0.10195974442527993,0.34545454545454546,0.45454545454545453,0.2886911747407965,0.4605256814158368,0.6088238717811301,0.4563154186060866,0.4264615124089666,0.1696905373218813,0.2031407883157157,0.041421358631927294,-0.13750899664797533,-0.1286850204527419,-0.11896157838631453,-0.109117814686823
2HHB,A,0,0,138,139,22,49,22,76,75.94156061818182,3566.929318778198,97.92485166446076,0.7770782502198611,0.03636363636363636,3682960.0315383836,3.7688584217383077,0.11160799327495112,0.003471660361413783,0.10123772782324171,0.34545454545454546,0.45454545454545453,0.28866844122276275,0.4600828942752584,0.6068841019242965,0.45547622579132463,0.4288263219549391,0.16851349737313673,0.20105612797332797,0.04159979648355155,-0.13879961560880666,-0.13039864355127892,-0.12080507459420367,-0.11037081852693482
2HHB,A,0,0,138,139,23,50,23,77,75.96492860000002,3567.832086256512,97.95488960922624,0.7770972508671945,0.03636363636363636,3575090.5850497796,3.7702074026724186,0.10902569007120076,0.003625505765659972,0.10066035910242235,0.34545454545454546,0.45454545454545453,0.2886036734787063,0.4596894443962343,0.6068068515228328,0.45269989152132917,0.4266746873278487,0.16911374926422051,0.19808110415489913,0.038118301095002714,-0.14132369189301128,-0.13535853178517604,-0.12406668390281625,-0.11706829795587702
2HHB,A,0,0,138,139,24,51,24,78,75.71292232727275,3559.292982714032,97.63254521940627,0.7767138856220529,0.03636363636363636,3425685.1423213845,3.7722979409667867,0.10644274122064133,0.0037950223746210385,0.10009047273110175,0.34545454545454546,0.45454545454545453,0.2884893995567508,0.45934682859682013,0.6042175033389614,0.4509932499970478,0.42396057047260277,0.16570658540408056,0.20004854870548686,0.035427735665318684,-0.14659387173194277,-0.13570922160702242,-0.13034405347847822,-0.12296857288577516
2HHB,A,0,0,138,139,25,52,25,79,75.88397690909093,3566.839917152438,97.85252699669422,0.7767078516280586,0.03636363636363636,3232932.1941307057,3.7766574233316597,0.1040679171630312,0.003989241092725406,0.09972018457839528,0.34545454545454546,0.45454545454545453,0.28833387840568414,0.4590555630334715,0.6023258880354807,0.448713995997256,0.41998566378774366,0.16109822932391135,0.1946054182298316,0.028349705482939434,-0.15342844761782132,-0.147575984354819,-0.14152570224161956,-0.1323945116322001
2HHB,A,0,0,138,139,26,53,26,80,75.88960092727274,3567.072506360758,97.8597659803188,0.7767100634060655,0.03636363636363636,3010331.762402273,3.781516570752152,0.10167073512195932,0.00419977648927226,0.09933418227890288,0.34545454545454546,0.45454545454545453,0.2881444369356743,0.45882369976684045,0.600426130474628,0.445047147459349,0.4169239336882311,0.15568753319330986,0.18769569259719876,0.02231283199259944,-0.1638086048951623,-0.15887280565659784,-0.15147214620340332,-0.1377717993177641
2HHB,A,0,0,138,139,27,54,27,81,75.76455583636366,3561.6038214637742,97.69886913645458,0.7767068128662812,0.03636363636363636,2766093.9933161787,3.786315618412685,0.09920047313967714,0.0044283184489110495,0.09888629066572167,0.34545454545454546,0.45454545454545453,0.2879085611325034,0.45864889757797317,0.5969677906325237,0.4415720017213036,0.4130539390073,0.1490695716813354,0.18295430101377705,0.011916753896712482,-0.1748050506777391,-0.16665680807636282,-0.1573505115687818,-0.14552086453845076
2HHB,A,0,0,138,139,28,55,28,82,75.84693832727272,3565.0370227034573,97.80488614129388,0.7767346386945602,0.03636363636363636,2503002.385896209,3.792516005231238,0.09685153632705769,0.00468398801995443,0.0985282919518213,0.34545454545454546,0.45454545454545453,0.287616425846564,0.45853706972147024,0.5948063004176576,0.4366851035326967,0.40635695359156954,0.14210487811472008,0.1705139308441724,-0.001819932371603976,-0.18799430836618947,-0.17577604945258993,-0.16805008903023613,-0.15672290478217646
2HHB,A,0,0,138,139,29,56,29,83,75.71000090909091,3558.9932565085774,97.6287151906158,0.7767400279696179,0.03636363636363636,2235160.7642269824,3.7978631694885037,0.09439635786073328,0.004960104893093154,0.0980010375877763,0.32727272727272727,0.45454545454545453,0.28726246459388444,0.45848743799499464,0.5909336928630068,0.4305658456130858,0.4016404660352163,0.13055526756966448,0.15957621971107613,-0.012166593497758683,-0.195961235440061,-0.18553654717481324,-0.17831503733814025,-0.16623443286758735
2HHB,A,0,0,138,139,30,57,30,84,75.70705452727272,3558.8663568644024,97.62492200963393,0.7767396838058991,0.03636363636363636,1966366.2488610896,3.803472642220712,0.09196336822948506,0.00526378862281616,0.09743078952714664,0.32727272727272727,0.45454545454545453,0.28684940759196703,0.4585092296730261,0.5855323182780621,0.42572178164144525,0.39040035908425885,0.11696937892206846,0.14850536068670384,-0.020883748348442144,-0.20818635189417903,-0.19846836090242465,-0.19118883887301294,-0.17871597855114474
2HHB,A,0,0,138,139,31,58,31,85,75.68004445454545,3557.9830283317524,97.59031204354199,0.7766939923421607,0.03636363636363636,1701414.8762935977,3.8105662989276947,0.08970403019849808,0.005607129560787084,0.09690932745708215,0.32727272727272727,0.45454545454545453,0.28639434872839853,0.4586034375097959,0.5824276203171079,0.41326748771317445,0.37745592784341064,0.1031165985313523,0.1398876565767338,-0.0342378317004115,-0.22471349651457143,-0.21515772062021105,-0.20731031426925323,-0.2029862889928651
2HHB,A,0,0,138,139,32,59,32,86,75.40362869090909,3547.1339517894403,97.2356966731805,0.7765054276221285,0.03636363636363636,1453180.4918012174,3.815570463665718,0.08733657126614315,0.005972918736755092,0.09603975677112986,0.32727272727272727,0.45454545454545453,0.2858857100621433,0.4587779752759189,0.5726249175802967,0.4018486746639713,0.36786502858713266,0.0949997094659277,0.13010579608854664,-0.046447793094085484,-0.23898637377098658,-0.22871563704906853,-0.22778164685062424,-0.22419647200508588
2HHB,A,0,0,138,139,33,60,33,87,75.22039532727273,3547.1287305580754,97.01671508508198,0.7753193147948525,0.03636363636363636,1212823.3850995654,3.827240546278055,0.08586064957516786,0.006431603350786537,0.0957507594990257,0.32727272727272727,0.45454545454545453,0.2853079085446207,0.45902723389264555,0.5604108584305404,0.38863378488978334,0.3599512350664823,0.07710564859437442,0.11083201173120101,-0.07003199512240219,-0.2671627369321211,-0.26948372151022554,-0.26833470780418756,-0.2570147724135957
2HHB,A,0,0,138,139,34,61,34,88,74.75007523636364,3550.98914023439,96.47424486293335,0.771768669802829,0.03636363636363636,997102.6893842779,3.837610649328401,0.08475723746252592,0.006942984574214343,0.09523266685292289,0.32727272727272727,0.45454545454545453,0.28470907495476466,0.4593701920907985,0.552275860921888,0.380830055907331,0.34694372865749135,0.05468816552573152,0.08894620854137442,-0.09679430035607096,-0.31041768806428677,-0.31527527539159667,-0.30641508274427287,-0.30017225609619513
2HHB,A,0,0,138,139,35,62,35,89,74.66822912727272,3547.9723272221195,96.3683903927947,0.7716869001631066,0.03636363636363636,821742.9239607266,3.831692140401417,0.08281222911388826,0.007376882969598658,0.09292161113519644,0.32727272727272727,0.45454545454545453,0.28414898018151097,0.4598222988545072,0.5468635036938725,0.3699087143133973,0.3355252812410989,0.0373664956207751,0.07314818086245406,-0.12749700587172874,-0.3463834033183822,-0.3437143253586472,-0.34151068551585495,-0.2748670375551372
2HHB,A,0,0,138,139,36,63,36,90,70.87551687272727,4029.038591797678,96.22570486627956,0.7364999501649173,0.01818181818181818,718853.2053125238,3.7287618057996292,0.07604890964794947,0.007298332974314529,0.0841193032478232,0.32727272727272727,0.45454545454545453,0.2836941123644098,0.4603667555917199,0.45175972046235924,0.27200698779813015,0.2560096979538677,0.032031745433902914,0.060587633680365134,-0.09520064937079183,-0.2707750257573961,-0.26564138437525303,-0.23916520807171063,-0.18072474227438856
2HHB,A,0,0,138,139,37,64,37,91,67.2367319090909,4484.469179045006,96.21291093274353,0.7006964810653235,0.01818181818181818,636826.4478667631,3.530997996118222,0.06961012265104746,0.007047851946253015,0.07417221251850789,0.32727272727272727,0.45454545454545453,0.2834119174147719,0.46109524646077765,0.538444667662224,0.2391567608537908,0.19673904108676765,0.009588676236622903,0.04880660746670784,-0.07699962575486838,-0.2248841499640822,-0.19627853787126662,-0.167581620887605,-0.15397997495852572
2HHB,A,0,0,138,139,38,65,38,92,63.8876548,4839.014912613321,95.86274636345003,0.6645973721514113,0.01818181818181818,579394.7994027977,3.2084711555514134,0.0634973419734162,0.0065528498544139705,0.06316751774320871,0.32727272727272727,0.45454545454545453,0.28325070760764837,0.4620303249642366,0.5967117633675053,0.34438826031612413,0.17483229689912105,-0.013642964424701982,0.03216730491787022,-0.06684755060609865,-0.17159838630914323,-0.14139625844976306,-0.14528936315695254,-0.10516898393156306
2HHB,A,0,0,138,139,39,66,39,93,64.00790376363636,4849.7960172410285,96.03913141480952,0.6641317607448382,0.01818181818181818,485883.16375893826,3.014491469628693,0.0649714445555068,0.006603329707843872,0.05852140168112187,0.32727272727272727,0.45454545454545453,0.2831834113288283,0.46313365849134464,0.5971654204509618,0.33902129925734725,0.16751663426266428,-0.02175144365572787,0.021319197204835962,-0.056670552059161,-0.15711128759502715,-0.14965838189355796,-0.1283028629589343,-0.08671528604582375
2HHB,A,0,0,138,139,40,67,40,94,63.9287524,4843.147507314802,95.92180633612783,0.6643712708780998,0.01818181818181818,413225.21253078314,2.7859861729952162,0.06815810529425267,0.006744063320704912,0.05434025877969709,0.32727272727272727,0.4727272727272727,0.2833125355085982,0.4643058806461274,0.5916350277926419,0.3288777374967632,0.15859461855033222,-0.034911814616623155,0.031023225196185576,-0.04223411377158029,-0.16537220400518002,-0.13348630816626833,-0.11059807414243887,-0.06875892425022392
2HHB,A,0,0,138,139,41,68,41,95,64.28743861818182,4863.3540139877805,96.45760895289555,0.6647965115211879,0.01818181818181818,370151.42362260056,2.5045651330881,0.0706825702407736,0.006906340811790438,0.04957967859281379,0.32727272727272727,0.4727272727272727,0.2835867930767233,0.46544320035502856,0.5842814581874886,0.3227262910558905,0.14208209898387825,-0.015519592248888799,0.058333721217756054,-0.05883533902013427,-0.13514748133622648,-0.09989675884759258,-0.07654324053670271,-0.02609529854191765
2HHB,A,0,0,138,139,42,69,42,96,64.6345483090909,4882.20031732545,96.9750551267746,0.6653333935655223,0.01818181818181818,351993.25888198643,2.2395486828282034,0.07169744053596827,0.007259511326638587,0.044857966677225886,0.32727272727272727,0.4727272727272727,0.2838268105119344,0.46640737984758146,0.5826443313641325,0.3110813116919924,0.17123856720059236,0.01883800469514387,0.04441992251044868,-0.02424435451911854,-0.09960860095550686,-0.0634436938473753,-0.030879329825956175,-0.02871747355479944
2HHB,A,0,0,138,139,43,70,43,97,64.49384305454545,4871.773039590166,96.76449222236144,0.6655365136528226,0.01818181818181818,350052.8504924489,2.1137435484647225,0.0716923158096972,0.008099055894005506,0.041307095546539004,0.32727272727272727,0.4727272727272727,0.2837732224303245,0.4671579983003612,0.575535196637853,0.3317824588364331,0.19717889183449586,0.010854388580280237,0.0708916417244018,0.002404182883888448,-0.07481809981436933,-0.03234049538223796,-0.032881207413412716,-0.032302131419194434
2HHB,A,0,0,138,139,44,71,44,98,64.52687947272727,4873.492838693617,96.81383157327973,0.6655992826784088,0.01818181818181818,376186.6961486171,2.138359304571697,0.067951759128468,0.00913578777862039,0.03748517889626796,0.2727272727272727,0.4727272727272727,0.2830716783365087,0.46782740598926703,0.6121224101504428,0.3734860365344725,0.18874082754846738,0.05157183059224426,0.11540119790705904,0.04136751856654485,-0.030375697637225096,-0.038464841191193165,-0.03914176612147004,-0.03964537538016732
2HHB,A,0,0,138,139,45,72,45,99,68.44339539999999,4272.345356487584,95.97986024707919,0.6987879799691405,0.01818181818181818,370489.7137725486,2.577558467598627,0.07176921863685379,0.011895667299736134,0.0390921421227406,0.2727272727272727,0.4727272727272727,0.28148566294756094,0.4687093522349944,0.5809533020535785,0.4077722822519253,0.1325244019143744,-0.014960398582594734,0.05142044123752114,-0.03907549289595424,-0.03264000275244134,-0.03419926760599035,-0.02894163804578074,-0.032933213639339015
2HHB,A,0,0,138,139,46,73,46,100,71.93917898181817,3797.3209954055633,95.7964231584222,0.7348705556795823,0.01818181818181818,378215.91807306116,3.118026288420147,0.07454107579764449,0.015362336198834025,0.040754755440698724,0.2727272727272727,0.4727272727272727,0.2789884542325544,0.46982408976912315,0.6566210431830206,0.34736904154964054,0.042270709746874094,-0.11783303368666799,-0.06585584382406313,-0.049877534995676584,-0.0371578451067635,-0.03255379192345746,-0.02758199444196186,-0.023978005346577555
2HHB,A,0,0,138,139,47,74,47,101,72.01958594545454,3801.3628085538007,95.90578829111735,0.734839661241931,0.01818181818181818,460127.30203039746,3.2939984414983106,0.06603323703024773,0.01677002927698972,0.03647188858318178,0.2545454545454545,0.4727272727272727,0.27573228444865,0.47086933497648886,0.6937933389208581,0.3840241836611663,0.07632627892250014,-0.07855781665896232,-0.06383834035980702,-0.04955883628967909,-0.03806569106653692,-0.03177421954818056,-0.028685419213536154,-0.026174140013573415
2HHB,A,0,0,138,139,48,75,48,102,75.35109779999999,3352.770853644454,95.92718552350496,0.7711877375198122,0.01818181818181818,501262.19829486345,3.6626280337383523,0.06634543517244831,0.02034341809339312,0.03688536493800383,0.2545454545454545,0.4727272727272727,0.2718226612853589,0.47156995620322284,0.6480562355746968,0.30046843611300345,-0.06996167068628498,-0.09775449835169003,-0.07448249409806695,-0.05350501775675558,-0.04725082403462877,-0.035741964041906174,-0.03349994815220859,-0.03433103018090535
2HHB,A,0,0,138,139,49,76,49,103,78.6138518,2875.1133858309677,95.83069793737653,0.8075266650479189,0.01818181818181818,561155.5624042549,3.8841082759794374,0.06576789738060172,0.023624360376519212,0.03655913065348523,0.2545454545454545,0.4727272727272727,0.26743131670210946,0.4719812716302876,0.5907822591556319,0.15573689958488116,-0.09265378093395188,-0.11642081478774725,-0.08315461811457124,-0.06805358552538188,-0.05589939191860575,-0.044513344568169,-0.04733504467651724,-0.04283286845798599
2HHB,A,0,0,138,139,50,77,50,104,82.15323887272727,2312.7603424312165,95.62188710491166,0.8434672395606876,0.01818181818181818,641205.9495630368,3.9761084124805053,0.06436734498671952,0.02633992610475919,0.03562770663392422,0.2545454545454545,0.4727272727272727,0.2629253629286069,0.4722029127012295,0.4742778869974184,0.17143757079052263,-0.11504397558440267,-0.13657718171039973,-0.10755148525072841,-0.0834098971738737,-0.07242107007030629,-0.066017457391327,-0.06279717224990028,-0.05508220002250701
2HHB,A,0,0,138,139,51,78,51,105,85.36453767272725,1842.6461963285249,95.82575590165037,0.8796856175092929,0.09090909090909091,733952.2552397038,3.985072966149177,0.06305017818078823,0.02870760700598938,0.03465409792824826,0.2545454545454545,0.4727272727272727,0.2586668960219325,0.4722862199914793,0.6316562708873419,0.2302759816396293,-0.15511317088771714,-0.2033658519656511,-0.154403054986523,-0.12625569066471776,-0.12232926498124654,-0.10475131523563536,-0.0977098617190915,-0.08394742314841279
2HHB,A,0,0,138,139,52,79,52,106,85.20229478181817,1838.1365804554812,95.64186052799762,0.8798557173084454,0.09090909090909091,876911.9523229692,3.9598080783356617,0.059142538878732644,0.029290829507178675,0.03228386883885915,0.2545454545454545,0.4727272727272727,0.2548513028251072,0.47237069124938463,0.6334021769812699,0.23474022889563811,-0.14861469898714388,-0.1969863496182769,-0.14866916061857993,-0.12087565624559526,-0.1158537740912379,-0.0963615816161284,-0.09050070112561652,-0.07822082237946369
2HHB,A,0,0,138,139,53,80,53,107,85.22875656363635,1838.737443124809,95.6719311729782,0.8798483661565937,0.09090909090909091,1033262.6199568695,3.9390832552905573,0.05612468425178531,0.02966911537493729,0.030425193310865385,0.2545454545454545,0.4727272727272727,0.2514970421504975,0.4724496944315602,0.6357961674483547,0.23781555310415953,-0.14353288182943014,-0.19052237322467033,-0.14325507798522055,-0.11549288638889356,-0.11005002638971871,-0.09019915876914608,-0.08299857765232381,-0.07178868394317074
2HHB,A,0,0,138,139,54,81,54,108,85.40371129090907,1842.354532062516,95.87054299205329,0.8798546362684616,0.09090909090909091,1199050.4850582194,3.9226473400592186,0.05386033105621133,0.029922129479598072,0.028992518422048304,0.21818181818181817,0.4727272727272727,0.24859363812220445,0.47252075266946586,0.637705407873132,0.24116133739360482,-0.13968328122973842,-0.18605024175496684,-0.13806243605365093,-0.11098174933227685,-0.1056909191290161,-0.08533598195527844,-0.07790399949605371,-0.06537797048904823
2HHB,A,0,0,138,139,55,82,55,109,85.42430543636362,1842.9600227010271,95.89388543872538,0.8798281099081846,0.09090909090909091,1367516.5371115382,3.9093438150430075,0.05227990645884756,0.030145229211824394,0.02795197875019753,0.21818181818181817,0.4727272727272727,0.24612121743441734,0.4725872520664454,0.6388053791072625,0.24357949217086713,-0.13618271703484086,-0.18270580315976084,-0.13451534915914548,-0.10651478963944486,-0.10208349471393581,-0.08173768202903328,-0.07417361764154151,-0.06120989934959137
2HHB,A,0,0,138,139,56,83,56,110,84.80862545454545,1851.6076518645662,95.23487061758887,0.8766487610683129,0.09090909090909091,1548091.4092244946,3.9003517722104846,0.05073351822311645,0.030073515320166694,0.02696040173245095,0.21818181818181817,0.4727272727272727,0.24405024976951475,0.47264784070507365,0.6283292370027692,0.24517379209204412,-0.12142820933466379,-0.16465540092333195,-0.11974316219720547,-0.09168125210308567,-0.0841769774724444,-0.06629300644053177,-0.05932479976597917,-0.04569678738454056
2HHB,A,0,0,138,139,57,84,57,111,84.71473759999999,1849.727770941621,95.12781025200177,0.8766370863996502,0.09090909090909091,1716350.2713485654,3.892552647812362,0.0498338453869592,0.030133994189985438,0.026343758315182916,0.21818181818181817,0.4727272727272727,0.24233057840571684,0.47270595552798506,0.6363427284115364,0.24712158109487148,-0.11802115777062074,-0.16036687624687906,-0.11488034711089845,-0.08759435406209462,-0.0798301293043237,-0.06092639276172441,-0.05464239584545284,-0.04117241550187318
2HHB,A,0,0,138,139,58,85,58,112,84.70936110909092,1849.5359642397673,95.12172863868543,0.8766492125423693,0.09090909090909091,1870894.960001413,3.886356499858028,0.04932219654085655,0.03023231556127579,0.025958470399233727,0.21818181818181817,0.4727272727272727,0.24090711272686843,0.4727629020868747,0.6375974973797393,0.2512603092483571,-0.11672119864388346,-0.15924430330035,-0.11337373439652546,-0.08594187697145723,-0.07830197633235642,-0.05950409023368258,-0.052788873065955,-0.03935434443082985
2HHB,A,0,0,138,139,59,86,59,113,84.57565616363637,1847.123224975564,94.96935442420464,0.8765930340909722,0.09090909090909091,2016140.5366294333,3.881967712958924,0.048893879036883935,0.03022235497440418,0.02563751604574973,0.21818181818181817,0.4727272727272727,0.23973071900487827,0.4728187558212492,0.6365544600764912,0.2538869552640551,-0.10570218181670206,-0.15582851594294814,-0.10993428229458502,-0.08192359007423695,-0.07351482930478384,-0.055463623134264006,-0.048678483943961105,-0.03405929356415027
2HHB,A,0,0,138,139,60,87,60,114,84.33512672727274,1844.9419375740094,94.69692838082683,0.876166580428387,0.09090909090909091,2144993.454664228,3.878834073808467,0.04858416942501696,0.030165435527911077,0.025398969565776704,0.21818181818181817,0.4727272727272727,0.23876623950210632,0.4728706868413442,0.6371256347760756,0.2540865833523571,-0.10040680934154195,-0.1411384217691196,-0.1058361273341417,-0.07760119415331887,-0.06821779956053999,-0.049753865040518194,-0.04371221183384679,-0.02874700285143505
2HHB,A,0,0,138,139,61,88,61,115,84.75593567272729,1862.6563031989788,95.16608092733392,0.8748169446619629,0.09090909090909091,2238242.282644587,3.876138444215822,0.048685070855153965,0.03027127378063612,0.02540002165899098,0.21818181818181817,0.4727272727272727,0.23799102614492457,0.47292041504173765,0.6339418437548516,0.2516311900731857,-0.10117357409553265,-0.14336202094225706,-0.11127349434298026,-0.07885234723433293,-0.07005816327077553,-0.05162235725076486,-0.045756762737436625,-0.031892747551176596
2HHB,A,0,0,138,139,62,89,62,116,81.37852872727271,2375.9166770853117,95.0830779298616,0.8385203961502085,0.09090909090909091,2262926.7190202065,3.8677040572825443,0.049783476721666074,0.030918679536070148,0.025953319920537826,0.21818181818181817,0.4727272727272727,0.23739318827240974,0.47297509401643373,0.5106837423757632,0.16363023008959202,-0.10455023841809839,-0.1220181773429849,-0.11166072653825311,-0.1308485519316064,-0.07341121683224451,-0.06005612325423911,-0.06004467389839404,-0.05387252925563686
2HHB,A,0,0,138,139,63,90,63,117,81.46992665454545,2379.30017192553,95.19166907223136,0.8383870522513389,0.09090909090909091,2311901.216136792,3.8679225936315147,0.049749915340508134,0.03084975077368856,0.025949145381466428,0.21818181818181817,0.4727272727272727,0.23698887000788388,0.47301432397870424,0.4875947092786829,0.16195468748887334,-0.10082992939826262,-0.1190661776598453,-0.11024539066640848,-0.12793041779168146,-0.06608279236794193,-0.05773979945900088,-0.05785052158851647,-0.05103766702796289
2HHB,A,0,0,138,139,64,91,64,118,81.38744416363636,2376.624537234782,95.09341012097342,0.8384499693783465,0.07272727272727272,2332748.5109502957,3.8687741568389398,0.04968639103335008,0.03079413249785165,0.025949650371435474,0.21818181818181817,0.4727272727272727,0.23680828796990577,0.47301400662419574,0.48866477340447795,0.13126025508554615,-0.10222797397508084,-0.11365123834054457,-0.1061119256504969,-0.12591680228987645,-0.061915432949039464,-0.04798619480148252,-0.054840017883361215,-0.047354423735352036
2HHB,A,0,0,138,139,65,92,65,119,81.3216024,2374.930418751422,95.0149027725189,0.8384332344004252,0.07272727272727272,2322498.2438929123,3.86974730316954,0.04969375304040498,0.030790651506998504,0.02599397128337957,0.21818181818181817,0.4727272727272727,0.23688077878246333,0.4729697806187914,0.49086718813584457,0.13397176007069506,-0.13393599895756556,-0.11529602945416448,-0.1007097551553237,-0.12207717863001417,-0.060176460323599634,-0.044347930445186194,-0.045312227368933644,-0.04483650180273375
2HHB,A,0,0,138,139,66,93,66,120,81.36351152727272,2376.6364500593018,95.06455000752719,0.8383484492320797,0.07272727272727272,2282124.3549622856,3.871083282540689,0.049845221860678635,0.03084467308269997,0.02610780809106372,0.21818181818181817,0.4727272727272727,0.2372590262090794,0.47287794968846236,0.49272286013971794,0.1361593947505473,-0.13208841368777974,-0.13192657778990644,-0.10153546299463827,-0.11942905762984737,-0.058150501823259426,-0.04337668528828449,-0.043517441086059684,-0.03963453058535095
2HHB,A,0,0,138,139,67,94,67,121,81.27496014545453,2373.642547292353,94.95912716007712,0.8384350269944594,0.07272727272727272,2214786.1782944184,3.873386727410133,0.050234974395236234,0.030956002432276416,0.026319421979354888,0.23636363636363636,0.4727272727272727,0.23801207921030812,0.47273208852671017,0.4932383645764322,0.13944789441931751,-0.12829367411313555,-0.12909678885659207,-0.12635364467138765,-0.12083338461909561,-0.05431569588564989,-0.04072209516318147,-0.042696968705285464,-0.037152397953428215
2HHB,A,0,0,138,139,68,95,68,122,81.30573725454543,2374.482617644257,94.99583361343704,0.8384353971426667,0.07272727272727272,2120641.1266769213,3.8767144075971887,0.05110530107811489,0.031186397216169743,0.02672856599039055,0.23636363636363636,0.4727272727272727,0.23921804200700464,0.4725280680589048,0.4947191817827509,0.14089589314061202,-0.12585719053665587,-0.12533421246336993,-0.12417772286192798,-0.14654903578333675,-0.05690943247731452,-0.03801112314496396,-0.0416180052852892,-0.03759096922308146
2HHB,A,0,0,138,139,69,96,69,123,81.24857050909091,2372.6530704307406,94.92771690200352,0.8384757332526248,0.03636363636363636,2007325.372461488,3.8820511728594336,0.05260634696733963,0.031518061377061195,0.02737645331719432,0.23636363636363636,0.4727272727272727,0.24095380081079532,0.4722591107135453,0.49596239235409656,0.14235028278072245,-0.12389239406257882,-0.12220744673226681,-0.12240121519670581,-0.14471262790861733,-0.07914002636683402,-0.04055241591629175,-0.03935447056176023,-0.03659008197481204
2HHB,A,0,0,138,139,70,97,70,124,81.17437032727274,2370.02611218697,94.83946498941383,0.8385667211919876,0.03636363636363636,1879336.854981305,3.889842666416058,0.05503886714354439,0.0319946178314064,0.02837797330953333,0.23636363636363636,0.4727272727272727,0.2432665422553607,0.4719199900297852,0.49652118259613115,0.14413004113230996,-0.1218368700795071,-0.12169481133926444,-0.11999567248873405,-0.14239999519745702,-0.07796425812630578,-0.06007435336079428,-0.04181529348781931,-0.034676910856539865
2HHB,A,0,0,138,139,71,98,71,125,81.41336374545456,2373.654377842072,95.12216026834463,0.8390087293151111,0.03636363636363636,1735124.9679052546,3.9002689659306693,0.059009112328210246,0.03279883993049828,0.029991727786698046,0.23636363636363636,0.45454545454545453,0.24614028287532355,0.471503947524281,0.49998155905019226,0.14473804061502119,-0.127850585207467,-0.12205525945724033,-0.12027751745520925,-0.14368617186918892,-0.07855801486694954,-0.06347312360085708,-0.06350599921340644,-0.04070545875866404
2HHB,A,0,0,138,139,72,99,72,126,81.1774527090909,2363.7994668824595,94.84387955526665,0.8395236298977801,0.03636363636363636,1595193.7670026429,3.9147550456735,0.06453129436204515,0.03372658065911428,0.03215278255822352,0.23636363636363636,0.45454545454545453,0.24945538258537137,0.4710064196289856,0.5009211568787423,0.14651894440958654,-0.12611569067577302,-0.12034811202804904,-0.11832009813001206,-0.1424866489421018,-0.0761595746702129,-0.06162623467829679,-0.062252457506454945,-0.05785544530334716
2HHB,A,0,0,138,139,73,100,73,127,81.24305567272727,2366.114711889399,94.92182562492803,0.8394443051807374,0.03636363636363636,1454268.056266818,3.932851236715694,0.07256251883144395,0.03505220205558216,0.03526054033096193,0.23636363636363636,0.45454545454545453,0.25298239743103784,0.4704337547968713,0.49830813464519824,0.14624237523013964,-0.12619870051633014,-0.12133169471820839,-0.11895414466095657,-0.144030840704247,-0.07673136133319208,-0.06209397695125776,-0.06310199362156502,-0.058747250162836155
2HHB,A,0,0,138,139,74,101,74,128,81.79813923636365,2366.8432363587076,95.55755610313365,0.8416082158340368,0.03636363636363636,1313004.0419382334,3.954166947453588,0.08415923568694898,0.037002914484787444,0.039729969255992315,0.23636363636363636,0.45454545454545453,0.25642604168335487,0.46980987040789796,0.5012715239566031,0.14600405110922887,-0.13454343246733708,-0.128323669501744,-0.1297194752847125,-0.14949723209049287,-0.08337321198880156,-0.0701577376386676,-0.06899795620676169,-0.06663127636501082
2HHB,A,0,0,138,139,75,102,75,129,81.7182582,2364.5737217310893,95.46266818752304,0.841619252419575,0.03636363636363636,1190560.9784026125,3.9807295845135062,0.09919015164116313,0.03926237574840674,0.04541647964706099,0.23636363636363636,0.45454545454545453,0.25950929373255477,0.46918070240894216,0.5011472252800082,0.1440031975949111,-0.13588308353776862,-0.1308922890411964,-0.1306194431884126,-0.15099531683349598,-0.08518299373420932,-0.07149169770413571,-0.07157870539845275,-0.06804603955652776
2HHB,A,0,0,138,139,76,103,76,130,81.64586383636365,2361.8128604556073,95.37704541304183,0.8417366086592462,0.03636363636363636,1085050.114649545,4.012868323811969,0.1182858014905594,0.04197072026510168,0.0525806548148626,0.23636363636363636,0.45454545454545453,0.26205072023374454,0.46859602911306175,0.49998980112117586,0.14278259500016385,-0.13835365132551328,-0.13189070080981874,-0.1321263195501117,-0.1528372858849952,-0.08661460498828445,-0.07337224892311262,-0.07326723110926188,-0.07056071057154899
2HHB,A,0,0,138,139,77,104,77,131,81.84623532727274,2367.8386577161077,95.61467529704368,0.8416581970271866,0.03636363636363636,996866.4064747615,4.052070269201824,0.141590338502395,0.04516077234579636,0.06129577644469074,0.23636363636363636,0.45454545454545453,0.2639943707141045,0.4681116207011212,0.49852336354011806,0.1376809880626431,-0.1416860533614622,-0.136423091082123,-0.13731511012423522,-0.1573938814962395,-0.09195303758911179,-0.07824712405173835,-0.0794240770272558,-0.07765611394579866
2HHB,A,0,0,138,139,78,105,78,132,81.82561487272729,2367.281525598112,95.59017612382613,0.8416565809291895,0.03636363636363636,927402.710043912,4.100076971148743,0.1684532102363195,0.04873190202083074,0.07132508395446366,0.23636363636363636,0.45454545454545453,0.26537758237296133,0.46776699304278146,0.4948733302825104,0.13567021470360005,-0.14527108178222428,-0.14074277737407728,-0.14123574034534364,-0.16206630862121535,-0.09609598316179475,-0.08355133019121903,-0.08552318413491791,-0.08692494549051172
2HHB,A,0,0,138,139,79,106,79,133,81.9675118909091,2369.511182283436,95.75771434444123,0.8419118501222772,0.03636363636363636,878244.3508442291,4.15725641182439,0.19720382117412116,0.052415448172138744,0.08203404800372652,0.23636363636363636,0.45454545454545453,0.26628684803241154,0.4675870515613599,0.49492134875885846,0.13075995830283949,-0.1532276660034568,-0.14749141779369962,-0.14970191645314737,-0.1703782994842881,-0.10554221227116162,-0.09428668437620662,-0.10151636834133639,-0.1070766645310435
2HHB,A,0,0,138,139,80,107,80,134,81.98748430909092,2370.355384939429,95.78124278802898,0.8418673032138728,0.03636363636363636,848005.0834080747,4.227417215211752,0.22588617826929916,0.05598415368529266,0.09268189038817348,0.23636363636363636,0.45454545454545453,0.2668298742877999,0.4675673443167914,0.4926428382268878,0.12740424260548405,-0.15626793812513945,-0.15147146245795134,-0.1536576555576,-0.17512922724328564,-0.11071655956342034,-0.10224515136066294,-0.11153240311558771,-0.11299178200896742
2HHB,A,0,0,138,139,81,108,81,135,81.59472776363639,2367.112988020071,95.32369975341383,0.8407269280487429,0.03636363636363636,833595.1770912186,4.306059634879691,0.2527280783164401,0.05927969021179173,0.10262787299841197,0.23636363636363636,0.45454545454545453,0.2671103682033237,0.46768640580851045,0.48654359184662493,0.12344609054217834,-0.16178605340857424,-0.158117504865126,-0.16123880497680304,-0.18299853019496604,-0.1232092100641889,-0.1187466159343156,-0.12162688521770959,-0.08806426001651624
2HHB,A,0,0,138,139,82,109,82,136,81.72656561818184,2371.389830251785,95.48027192837175,0.8406274787320639,0.03636363636363636,834319.8056846617,4.391570913772993,0.2754921145965061,0.0620021791100651,0.11100986200198787,0.23636363636363636,0.45454545454545453,0.26722063439453414,0.46790479327124845,0.4828510384483759,0.11800609355142219,-0.16904902656408421,-0.16693395937671654,-0.1708706058522976,-0.19746881957842297,-0.1412112339642008,-0.12957914670016407,-0.09154866962257889,-0.055569421842257515
2HHB,A,0,0,138,139,83,110,83,137,81.49846660000001,2366.3611657334877,95.20974216298694,0.8404396597272584,0.03636363636363636,844862.3507772397,4.468015471622556,0.29391738524135885,0.06423175500658174,0.11774111535306953,0.23636363636363636,0.45454545454545453,0.267241441054035,0.46818656250591967,0.4784482312749241,0.11390998772702374,-0.17750736958338498,-0.17602725567283395,-0.18412338455405014,-0.21466300101581012,-0.15209412226609853,-0.10402696710162256,-0.06319154791153617,-0.021636770697079515
2HHB,A,0,0,138,139,84,111,84,138,81.62186012727274,2370.288404279432,95.35637654406466,0.8403573889118452,0.03636363636363636,861684.2216864463,4.531759025569399,0.3079206128211184,0.06599301200480655,0.12279314591802717,0.23636363636363636,0.45454545454545453,0.26722357898209265,0.46850010126991726,0.4741585529760871,0.10644340205869793,-0.1904411366936913,-0.19170706463170126,-0.2046700042231889,-0.22760065478225222,-0.1185334079226253,-0.06771664493122104,-0.020831952959882407,-0.02038918507842579
