protein,chain,seq_index,res_i,res_j,theta_signed,has_gap_before
2HHB,A,0,1,2,-100.808995,0
2HHB,A,1,2,3,-79.910749,0
2HHB,A,2,3,4,101.314968,0
2HHB,A,3,4,5,99.261516,0
2HHB,A,4,5,6,100.526972,0
2HHB,A,5,6,7,98.674355,0
2HHB,A,6,7,8,97.18517,0
2HHB,A,7,8,9,95.015798,0
2HHB,A,8,9,10,93.777121,0
2HHB,A,9,10,11,99.459687,0
2HHB,A,10,11,12,88.451409,0
2HHB,A,11,12,13,91.205837,0
2HHB,A,12,13,14,96.667597,0
2HHB,A,13,14,15,101.623254,0
2HHB,A,14,15,16,102.205816,0
2HHB,A,15,16,17,98.281859,0
2HHB,A,16,17,18,92.767527,0
2HHB,A,17,18,19,96.215194,0
2HHB,A,18,19,20,90.548936,0
2HHB,A,19,20,21,100.442286,0
2HHB,A,20,21,22,95.213381,0
2HHB,A,21,22,23,94.616303,0
2HHB,A,22,23,24,94.626959,0
2HHB,A,23,24,25,99.711342,0
2HHB,A,24,25,26,93.154467,0
2HHB,A,25,26,27,96.410334,0
2HHB,A,26,27,28,101.13267,0
2HHB,A,27,28,29,94.377188,0
2HHB,A,28,29,30,101.61187,0
2HHB,A,29,30,31,97.32438,0
2HHB,A,30,31,32,92.788162,0
2HHB,A,31,32,33,102.767832,0
2HHB,A,32,33,34,80.365177,0
2HHB,A,33,34,35,83.815014,0
2HHB,A,34,35,36,95.389709,0
2HHB,A,35,36,37,113.651639,0
2HHB,A,36,37,38,106.542675,0
2HHB,A,37,38,39,104.729958,0
2HHB,A,38,39,40,105.469197,0
2HHB,A,39,40,41,108.143698,0
2HHB,A,40,41,42,82.411611,0
2HHB,A,41,42,43,82.062952,0
2HHB,A,42,43,44,105.487209,0
2HHB,A,43,44,45,89.630697,0
2HHB,A,44,45,46,-117.964236,0
2HHB,A,45,46,47,-93.885234,0
2HHB,A,46,47,48,94.901668,0
2HHB,A,47,48,49,-85.256817,0
2HHB,A,48,49,50,-85.941771,0
2HHB,A,49,50,51,-96.39175,0
2HHB,A,50,51,52,-77.748715,0
2HHB,A,51,52,53,103.642826,0
2HHB,A,52,53,54,95.841232,0
2HHB,A,53,54,55,90.842193,0
2HHB,A,54,55,56,99.548222,0
2HHB,A,55,56,57,95.024837,0
2HHB,A,56,57,58,97.354908,0
2HHB,A,57,58,59,102.697439,0
2HHB,A,58,59,60,97.34202,0
2HHB,A,59,60,61,95.604297,0
2HHB,A,60,61,62,94.021276,0
2HHB,A,61,62,63,99.961539,0
2HHB,A,62,63,64,97.420476,0
2HHB,A,63,64,65,99.916364,0
2HHB,A,64,65,66,96.030247,0
2HHB,A,65,66,67,100.543991,0
2HHB,A,66,67,68,100.659289,0
2HHB,A,67,68,69,94.091627,0
2HHB,A,68,69,70,98.851088,0
2HHB,A,69,70,71,100.953807,0
2HHB,A,70,71,72,82.312271,0
2HHB,A,71,72,73,108.669884,0
2HHB,A,72,73,74,97.05206,0
2HHB,A,73,74,75,66.912029,0
2HHB,A,74,75,76,98.160518,0
2HHB,A,75,76,77,102.741112,0
2HHB,A,76,77,78,91.272397,0
2HHB,A,77,78,79,95.912198,0
2HHB,A,78,79,80,85.850997,0
2HHB,A,79,80,81,102.562469,0
2HHB,A,80,81,82,96.719655,0
2HHB,A,81,82,83,94.25519,0
2HHB,A,82,83,84,98.908225,0
2HHB,A,83,84,85,94.080312,0
2HHB,A,84,85,86,97.162329,0
2HHB,A,85,86,87,91.302608,0
2HHB,A,86,87,88,87.564965,0
2HHB,A,87,88,89,70.287342,0
2HHB,A,88,89,90,57.947409,0
2HHB,A,89,90,91,90.888173,0
2HHB,A,90,91,92,-94.947535,0
2HHB,A,91,92,93,-93.590498,0
2HHB,A,92,93,94,-79.469283,0
2HHB,A,93,94,95,112.08289,0
2HHB,A,94,95,96,103.790373,0
2HHB,A,95,96,97,102.139353,0
2HHB,A,96,97,98,101.153985,0
2HHB,A,97,98,99,97.74842,0
2HHB,A,98,99,100,91.4477,0
2HHB,A,99,100,101,97.44414,0
2HHB,A,100,101,102,98.382863,0
2HHB,A,101,102,103,99.324051,0
2HHB,A,102,103,104,97.976335,0
2HHB,A,103,104,105,93.509699,0
2HHB,A,104,105,106,98.274539,0
2HHB,A,105,106,107,98.872719,0
2HHB,A,106,107,108,94.719467,0
2HHB,A,107,108,109,97.29663,0
2HHB,A,108,109,110,100.464703,0
2HHB,A,109,110,111,100.6809,0
2HHB,A,110,111,112,61.162438,0
2HHB,A,111,112,113,92.191076,0
2HHB,A,112,113,114,102.401732,0
2HHB,A,113,114,115,89.988248,0
2HHB,A,114,115,116,82.375178,0
2HHB,A,115,116,117,117.165768,0
2HHB,A,116,117,118,-85.795843,0
2HHB,A,117,118,119,102.447362,0
2HHB,A,118,119,120,95.379827,0
2HHB,A,119,120,121,92.40895,0
2HHB,A,120,121,122,102.848993,0
2HHB,A,121,122,123,95.788963,0
2HHB,A,122,123,124,95.784368,0
2HHB,A,123,124,125,95.706917,0
2HHB,A,124,125,126,96.872797,0
2HHB,A,125,126,127,95.456909,0
2HHB,A,126,127,128,95.694777,0
2HHB,A,127,128,129,100.660223,0
2HHB,A,128,129,130,97.441625,0
2HHB,A,129,130,131,93.767061,0
2HHB,A,130,131,132,98.759422,0
2HHB,A,131,132,133,102.292829,0
2HHB,A,132,133,134,94.778073,0
2HHB,A,133,134,135,93.655333,0
2HHB,A,134,135,136,103.660952,0
2HHB,A,135,136,137,75.118045,0
2HHB,A,136,137,138,101.506272,0
2HHB,A,137,138,139,86.362779,0
2HHB,A,138,139,140,100.866956,0
