x,y,z
1.169521,-24.180151,-39.625472
-6.582842,-7.003800,-37.411965
-2.910176,-20.422340,-30.122479
-0.329852,-8.290575,-36.354314
-0.443006,-7.333259,-37.011617
0.301123,-8.371865,-37.844090
-0.276598,-7.652293,-38.217739
-0.777761,-8.426020,-37.852583
6.160050,-15.212230,-45.774813
-13.093697,-15.499122,-37.936877
-13.120421,-16.268929,-38.073576
1.127634,-7.238546,-40.326902
-13.120810,-16.987726,-37.969603
-14.914495,-6.952510,-8.831348
-14.916401,-6.954299,-8.840764
-9.077632,-21.663655,-32.656466
-2.609383,-23.665981,-41.959534
1.707248,-37.970723,-27.322488
1.755419,-37.931650,-27.412510
1.777401,-37.414632,-27.275179
-3.204871,-22.737009,-25.162183
-25.616884,-24.135110,-3.303779
-25.015178,-24.452475,-3.491669
-24.518994,-24.016374,-3.940256
-23.636674,-23.789936,-4.376413
-5.389230,-14.516200,-7.046957
12.340983,-7.388237,15.454587
13.119950,-9.078442,15.651955
12.191875,-7.868831,16.806682
13.204039,-8.447902,17.191568
13.168287,-6.704891,16.446501
46.888432,46.028446,3.579279
41.477393,20.595893,3.913886
44.726747,24.818749,-7.839187
55.733444,29.863442,-9.624176
57.059059,30.174307,-10.138334
57.981179,29.250746,-11.987499
57.109472,29.071377,-12.346203
57.177261,27.739440,-12.348706
57.665832,27.798005,-13.175853
58.039938,28.026056,-11.859677
58.180946,30.182249,-9.076898
59.068641,30.363182,-8.713778
46.015492,36.248795,-7.380441
44.003441,24.642520,-5.249959
40.891760,33.292027,-12.066899
40.963751,33.708005,-12.064501
42.349513,38.951600,-7.895069
42.084239,38.377881,-8.900468
37.701034,13.562743,18.214209
35.024614,13.899038,17.238536
52.745659,24.846392,1.868632
53.853011,25.031662,0.736857
24.785793,20.175614,19.209161
28.260904,21.421609,18.684844
33.131815,24.314860,19.081418
32.864454,23.563417,17.872151
32.855740,24.890795,17.960307
33.955038,24.965477,18.330801
34.101553,23.804449,18.402821
22.855826,23.247654,26.572601
27.137628,20.896718,17.338018
26.939078,22.012120,17.656644
25.747967,20.944436,19.494033
28.768035,22.385822,17.459275
28.828890,21.272686,17.155982
28.062777,22.290601,16.401473
24.991057,21.688084,20.233331
23.801703,24.415791,26.318745
48.262981,28.536773,-11.513311
37.035689,21.011595,11.124408
27.652561,7.839321,26.488742
-22.781132,3.159985,46.178218
23.904409,16.269414,28.026668
24.012950,16.404849,27.346281
26.438887,11.655889,20.315068
25.626227,9.779498,26.417908
26.174394,10.261756,26.751756
27.152102,11.881525,25.275024
26.141282,12.126276,24.576893
25.968238,12.682327,25.927765
26.203083,13.327965,24.726557
27.336413,12.865798,24.769192
27.130276,13.349146,26.114269
30.735824,22.540588,16.261884
42.801427,42.874220,0.892242
46.609183,45.650197,-2.200971
46.672130,44.750114,-2.555764
47.314868,45.169305,-2.145084
43.950569,39.139163,5.463128
43.416013,43.674016,2.215612
44.048654,42.769966,1.798007
45.227049,38.805493,4.989635
44.714416,43.866027,0.781957
44.124013,44.779861,1.291973
45.022282,37.612615,4.898199
44.124970,38.292342,4.425358
43.949345,37.781299,5.643953
44.914008,38.322042,6.135135
43.266599,43.960148,0.136856
35.472429,12.799012,17.650717
40.082007,16.546084,4.908344
39.426716,30.788808,-1.370139
42.440139,25.032956,-0.996246
42.515790,24.582451,-0.949592
51.406086,34.308785,1.307693
50.518597,34.127931,-7.988430
47.129531,35.192456,-7.103403
48.025258,34.165876,-8.349535
47.323809,33.790478,-8.294751
48.726913,33.742435,-6.565403
50.187690,30.846797,-10.145921
50.662612,30.383538,-11.063242
46.447234,26.656423,-13.696008
47.347289,26.877585,-13.769054
47.958037,28.701997,-13.911420
47.683339,27.475991,-12.592833
48.771003,28.964922,-13.338850
47.464663,32.284532,-10.531261
38.115170,37.405609,-7.270028
46.870872,33.608873,-9.691914
48.550958,29.836447,-13.454683
55.974209,26.795500,-1.954986
24.721077,3.956220,20.147858
24.711508,18.059125,20.055694
24.374475,16.489921,19.996989
-21.632991,18.976892,32.300511
-20.297695,6.944706,39.709740
-19.494614,7.018971,39.785785
-30.833485,7.619234,21.735735
-30.603838,8.063879,20.993222
-31.333876,7.951696,21.105940
11.754520,-11.442708,-22.493889
12.482124,-10.305732,-22.451457
12.615164,-11.304441,-21.515142
11.099428,-11.324324,-21.413617
12.338322,-9.916078,-21.275868
11.118892,-10.197604,-22.426103
11.068571,-9.976802,-21.201725
11.903810,-10.962855,-20.216379
-7.535626,-3.103451,-51.298598
-7.335956,-2.883925,-51.179626
-6.538876,-2.019240,-53.082995
30.131701,22.970771,-10.122816
30.098341,22.956475,-10.136357
47.439326,45.612025,5.295572
51.485772,40.665826,1.868420
51.656443,40.254492,1.046757
49.908379,31.902894,-9.177126
49.517745,32.698866,-8.109790
43.467099,38.565883,-10.554754
36.681596,37.135166,-7.775411
55.655890,25.035304,-1.143416
56.604476,23.402600,-1.711240
56.596497,23.374949,-1.647010
34.883313,33.857135,-11.909142
34.858505,33.738060,-12.031306
33.398863,22.280494,15.500620
32.809733,22.742876,15.154044
52.706402,30.833896,0.973034
52.758631,30.065390,0.905942
41.521521,40.208749,-12.142802
-3.892496,-22.655454,-27.086650
-2.366768,-13.207556,-6.884904
-13.325698,-11.407959,3.891872
-13.144890,-11.858707,4.456143
-13.172567,-12.168349,3.717206
1.498921,-9.038676,-7.710546
1.504711,-9.044023,-7.726836
-28.380286,9.434375,2.941047
-28.351789,-4.537869,-13.519030
-38.563269,-9.042296,-17.233696
-46.237101,-13.475222,-15.713234
-50.136910,-11.925222,-7.641918
-49.586290,-11.514133,-7.224686
-49.661451,-12.272790,-7.123342
-48.733596,-11.806477,-12.002111
-35.711236,-7.790583,-16.642974
-35.262925,-7.313291,-16.159166
13.500545,-5.383839,-32.129905
3.064134,5.473834,-44.659763
3.071596,5.461990,-44.660281
1.402056,-2.112626,-45.715391
2.530748,-1.881923,-45.719994
-25.948558,-5.002809,-16.869996
15.196427,-6.171212,-47.793169
-8.306646,-21.932574,-31.976996
13.876533,-11.861784,-23.659102
20.132343,-8.619181,-44.803656
20.254976,-8.486214,-43.890406
20.305079,-7.719454,-44.460041
19.470816,-8.125054,-44.303866
40.801166,40.829799,-14.855603
40.814039,40.821538,-14.790774
33.968591,24.300167,16.858244
-0.243732,-2.185842,-13.676869
25.024251,9.558138,27.811718
-7.192044,-2.422742,-52.225283
32.197985,22.158932,18.753853
22.539444,19.670599,25.543124
32.718560,21.693858,18.102469
22.255374,20.618291,24.707388
23.916074,19.952574,25.100613
23.448124,21.247587,24.657178
23.725922,20.392309,26.348407
24.511762,21.084148,25.493609
23.647607,19.503885,22.834189
24.495678,20.279959,23.167465
22.364746,21.072183,26.744285
25.640857,19.434400,20.350101
22.164895,21.951525,25.728598
43.063851,24.184137,-3.351025
43.649067,24.306756,-2.959371
49.381272,27.354925,-1.753150
44.015534,30.701849,-11.751442
35.613974,21.895668,10.923686
24.238975,5.713986,19.690684
24.916268,2.962208,22.941265
24.892615,3.424603,22.837815
28.860535,12.401481,18.997509
28.548724,12.314574,19.812091
34.442319,29.223567,18.541121
14.900583,-8.697956,14.479723
0.359800,-27.077507,23.405672
1.559872,-25.178935,22.943520
1.375765,-26.507988,22.504161
0.424903,-25.491350,22.104088
0.107934,-25.519907,23.514956
0.815262,-26.244541,24.380821
2.932279,-26.182704,25.272812
2.782928,-26.287933,23.680089
1.321722,-24.927683,24.551773
1.542691,-25.471410,26.202983
1.708785,-27.896258,26.812038
1.503786,-26.976174,27.444780
0.433064,-28.011846,25.567923
1.557784,-27.823621,24.804287
14.963712,-5.796339,17.265241
44.914269,41.225275,4.043853
27.264915,12.660136,23.161797
27.140835,7.837365,24.757346
26.716189,9.882203,25.542137
25.754092,10.643005,20.179191
26.496835,11.231269,19.080129
26.670245,10.823500,18.082434
26.224737,5.273012,24.061624
42.895438,23.553943,5.984491
42.861851,24.343277,5.705413
24.928692,13.916213,20.519024
30.310778,17.551517,19.981562
35.454999,21.133326,11.298789
41.398195,22.710900,6.502517
40.886197,21.887886,7.163041
40.244700,23.107392,6.835790
40.096990,23.369330,5.679558
40.814788,21.304075,5.684810
39.821884,21.641009,5.811466
41.145856,22.328446,4.923764
41.181717,19.114926,4.957643
41.432086,19.229491,5.680635
39.977428,32.954713,-2.101972
42.694486,19.082473,5.541743
24.580350,15.352084,19.724392
-4.582466,-27.109260,23.609084
-6.503660,-29.307733,28.844894
-6.051130,-28.974965,27.815161
-20.473900,8.009624,38.117253
-22.882840,-6.282047,41.501531
-21.636363,-5.759139,40.982181
-22.020509,-4.762574,41.788010
-23.468339,-5.165991,41.896438
-22.377059,-4.494250,40.175193
-22.810716,-6.110173,39.619448
-23.799976,-5.286932,40.105440
-22.338144,-5.083290,38.854175
-22.898067,-3.596918,39.090625
-23.791129,-4.567978,38.495992
-23.376182,-3.331122,37.522729
-22.715994,-3.315291,20.596976
14.733018,15.773800,23.678016
14.289969,-6.860433,15.052687
13.754439,-7.924900,15.261759
51.512918,37.345639,1.818008
56.367023,28.256200,-4.642754
56.367343,27.909989,-3.739538
56.748763,27.162040,-4.353742
55.699998,29.171571,-7.196197
57.455852,31.393718,-5.274709
56.141781,31.386857,-4.669938
56.967632,30.825286,-4.376662
56.251409,31.024544,-5.777604
56.173542,30.086609,-5.281792
36.377912,11.475500,18.199446
37.212484,11.243107,17.866510
37.396040,10.925868,17.499667
50.134307,27.852437,-2.019839
43.854273,24.819024,-0.483819
51.324338,29.827814,-4.045416
51.330527,30.323901,-4.904735
39.118600,29.499309,-0.949773
38.550340,34.061661,-3.534157
35.172305,24.663886,-7.615536
35.721080,27.397757,-2.590203
36.983618,26.862628,-1.428107
37.221152,26.373961,-1.890715
34.304716,28.159051,-2.415389
23.114624,15.780947,24.391976
23.614669,15.659850,19.860358
12.283486,-8.796988,18.782889
