protein,chain,source_file,segment_id,segment_label,segment_start_seq_index,segment_end_seq_index,segment_length,segment_start_res_i,segment_end_res_j,fft_bin,frequency_cycles_per_residue,period_residues,amplitude,power,power_fraction_nonzero
1UBQ,A,1UBQ_fft_data.csv,seg000,1UBQ_A_seg000,0,73,74,1,75,0,0.0,,4.121147867408581e-13,2.295116181763013e-27,
1UBQ,A,1UBQ_fft_data.csv,seg000,1UBQ_A_seg000,0,73,74,1,75,1,0.013513513513513514,74.0,1520.063009505233,31224.210173866297,0.08217630685854703
1UBQ,A,1UBQ_fft_data.csv,seg000,1UBQ_A_seg000,0,73,74,1,75,2,0.02702702702702703,37.0,1588.7130684224176,34108.232618596936,0.08976651689381904
1UBQ,A,1UBQ_fft_data.csv,seg000,1UBQ_A_seg000,0,73,74,1,75,3,0.04054054054054054,24.666666666666664,2322.7480183021808,72907.54535846903,0.19187908313195695
1UBQ,A,1UBQ_fft_data.csv,seg000,1UBQ_A_seg000,0,73,74,1,75,4,0.05405405405405406,18.5,1047.602827818593,14830.698443966383,0.039031636652189804
1UBQ,A,1UBQ_fft_data.csv,seg000,1UBQ_A_seg000,0,73,74,1,75,5,0.06756756756756757,14.799999999999999,1020.8850943604949,14083.869944424818,0.03706612310973991
1UBQ,A,1UBQ_fft_data.csv,seg000,1UBQ_A_seg000,0,73,74,1,75,6,0.08108108108108109,12.333333333333332,227.98087977481515,702.3686694986314,0.0018485035487256995
1UBQ,A,1UBQ_fft_data.csv,seg000,1UBQ_A_seg000,0,73,74,1,75,7,0.0945945945945946,10.571428571428571,1028.2896014844093,14288.912223256288,0.037605756206314865
1UBQ,A,1UBQ_fft_data.csv,seg000,1UBQ_A_seg000,0,73,74,1,75,8,0.10810810810810811,9.25,788.8327389226725,8408.879594543854,0.022130605259509974
1UBQ,A,1UBQ_fft_data.csv,seg000,1UBQ_A_seg000,0,73,74,1,75,9,0.12162162162162163,8.222222222222221,1085.0857646247405,15910.961035016997,0.04187468663410043
1UBQ,A,1UBQ_fft_data.csv,seg000,1UBQ_A_seg000,0,73,74,1,75,10,0.13513513513513514,7.3999999999999995,392.54668598047664,2082.3364955980396,0.00548032190060766
1UBQ,A,1UBQ_fft_data.csv,seg000,1UBQ_A_seg000,0,73,74,1,75,11,0.14864864864864866,6.727272727272727,1290.3101210772454,22498.65146695102,0.05921226114469029
1UBQ,A,1UBQ_fft_data.csv,seg000,1UBQ_A_seg000,0,73,74,1,75,12,0.16216216216216217,6.166666666666666,1150.683514912713,17892.872317457783,0.04709070807404656
1UBQ,A,1UBQ_fft_data.csv,seg000,1UBQ_A_seg000,0,73,74,1,75,13,0.17567567567567569,5.692307692307692,394.1041647049365,2098.8931437537262,0.005523895915508746
1UBQ,A,1UBQ_fft_data.csv,seg000,1UBQ_A_seg000,0,73,74,1,75,14,0.1891891891891892,5.285714285714286,511.4562478702814,3534.966128183064,0.009303372596667728
1UBQ,A,1UBQ_fft_data.csv,seg000,1UBQ_A_seg000,0,73,74,1,75,15,0.20270270270270271,4.933333333333333,1331.2284625848288,23948.232697242795,0.06302728901356326
1UBQ,A,1UBQ_fft_data.csv,seg000,1UBQ_A_seg000,0,73,74,1,75,16,0.21621621621621623,4.625,951.9837788101041,12246.933988075207,0.032231649731936846
1UBQ,A,1UBQ_fft_data.csv,seg000,1UBQ_A_seg000,0,73,74,1,75,17,0.22972972972972974,4.352941176470588,560.4975090532467,4245.371049390465,0.01117302606344532
1UBQ,A,1UBQ_fft_data.csv,seg000,1UBQ_A_seg000,0,73,74,1,75,18,0.24324324324324326,4.111111111111111,208.4192375650678,587.0078187460023,0.0015448952711063825
1UBQ,A,1UBQ_fft_data.csv,seg000,1UBQ_A_seg000,0,73,74,1,75,19,0.2567567567567568,3.8947368421052624,721.039006384188,7025.63849631753,0.018490172264912147
1UBQ,A,1UBQ_fft_data.csv,seg000,1UBQ_A_seg000,0,73,74,1,75,20,0.2702702702702703,3.6999999999999997,1409.0900119941546,26831.549485157928,0.07061564189149853
1UBQ,A,1UBQ_fft_data.csv,seg000,1UBQ_A_seg000,0,73,74,1,75,21,0.28378378378378377,3.523809523809524,536.5513180966248,3890.3691479895324,0.010238727164531702
1UBQ,A,1UBQ_fft_data.csv,seg000,1UBQ_A_seg000,0,73,74,1,75,22,0.2972972972972973,3.3636363636363633,675.821428479025,6172.089232316621,0.0162437895430801
1UBQ,A,1UBQ_fft_data.csv,seg000,1UBQ_A_seg000,0,73,74,1,75,23,0.31081081081081086,3.2173913043478257,797.6870305253045,8598.710792814569,0.02263020562453302
1UBQ,A,1UBQ_fft_data.csv,seg000,1UBQ_A_seg000,0,73,74,1,75,24,0.32432432432432434,3.083333333333333,310.2585640421214,1300.815899479448,0.003423505220047771
1UBQ,A,1UBQ_fft_data.csv,seg000,1UBQ_A_seg000,0,73,74,1,75,25,0.33783783783783783,2.96,445.84030516962383,2686.129428564099,0.007069392466753454
1UBQ,A,1UBQ_fft_data.csv,seg000,1UBQ_A_seg000,0,73,74,1,75,26,0.35135135135135137,2.846153846153846,226.32447648424338,692.1995764306329,0.0018217403893767276
1UBQ,A,1UBQ_fft_data.csv,seg000,1UBQ_A_seg000,0,73,74,1,75,27,0.3648648648648649,2.7407407407407405,454.44408324863485,2790.803037833678,0.007344873914880778
1UBQ,A,1UBQ_fft_data.csv,seg000,1UBQ_A_seg000,0,73,74,1,75,28,0.3783783783783784,2.642857142857143,516.7006131058047,3607.8313997826276,0.009495140423138123
1UBQ,A,1UBQ_fft_data.csv,seg000,1UBQ_A_seg000,0,73,74,1,75,29,0.3918918918918919,2.5517241379310347,423.4982310103967,2423.6588063369636,0.00637861866420125
1UBQ,A,1UBQ_fft_data.csv,seg000,1UBQ_A_seg000,0,73,74,1,75,30,0.40540540540540543,2.4666666666666663,395.727223358444,2116.2166933376193,0.005569488272162711
1UBQ,A,1UBQ_fft_data.csv,seg000,1UBQ_A_seg000,0,73,74,1,75,31,0.41891891891891897,2.387096774193548,347.41134851712457,1631.0087172768513,0.0042925112306631515
1UBQ,A,1UBQ_fft_data.csv,seg000,1UBQ_A_seg000,0,73,74,1,75,32,0.43243243243243246,2.3125,526.6842538572135,3748.5986927179697,0.009865613725600821
1UBQ,A,1UBQ_fft_data.csv,seg000,1UBQ_A_seg000,0,73,74,1,75,33,0.44594594594594594,2.2424242424242427,693.8431702539101,6505.65330956752,0.017121668080808502
1UBQ,A,1UBQ_fft_data.csv,seg000,1UBQ_A_seg000,0,73,74,1,75,34,0.4594594594594595,2.176470588235294,199.16134880096737,536.0167953543323,0.001410696392674148
1UBQ,A,1UBQ_fft_data.csv,seg000,1UBQ_A_seg000,0,73,74,1,75,35,0.472972972972973,2.114285714285714,369.7423452068093,1847.4243491760992,0.00486207687465897
1UBQ,A,1UBQ_fft_data.csv,seg000,1UBQ_A_seg000,0,73,74,1,75,36,0.4864864864864865,2.0555555555555554,333.06547729599407,1499.0893536001129,0.003945324030419502
1UBQ,A,1UBQ_fft_data.csv,seg000,1UBQ_A_seg000,0,73,74,1,75,37,0.5,2.0,184.76898399999993,461.3456411944896,0.0012141758195818968
