protein,chain,source_file,segment_id,segment_label,segment_start_seq_index,segment_end_seq_index,segment_length,segment_start_res_i,segment_end_res_j,theta_mean_deg,theta_std_deg,theta_min_deg,theta_max_deg,n_fft_bins,total_nonzero_power,dominant_frequency_cycles_per_residue,dominant_period_residues,dominant_power,dominant_power_fraction_nonzero,spectral_centroid_cycles_per_residue,spectral_bandwidth_cycles_per_residue,peak1_frequency_cycles_per_residue,peak1_period_residues,peak1_power,peak1_power_fraction_nonzero,peak2_frequency_cycles_per_residue,peak2_period_residues,peak2_power,peak2_power_fraction_nonzero,peak3_frequency_cycles_per_residue,peak3_period_residues,peak3_power,peak3_power_fraction_nonzero,low_band_power,mid_band_power,high_band_power,low_band_power_fraction,mid_band_power_fraction,high_band_power_fraction
1AL1,A,1AL1_fft_data.csv,seg000,1AL1_A_seg000,0,9,10,1,11,58.036153999999996,72.16289209281503,-86.032056,108.226601,6,26068.979011000825,0.1,10.0,13487.878671257382,0.5173919034407003,0.1682555470820604,0.08318960189765796,0.1,10.0,13487.878671257382,0.5173919034407003,0.2,5.0,8289.427320421139,0.31798051304284264,0.30000000000000004,3.333333333333333,3434.0502057309377,0.131729370923265,0.0,13487.878671257382,12581.100339743443,0.0,0.5173919034407003,0.4826080965592997
1FNA,A,1FNA_fft_data.csv,seg000,1FNA_A_seg000,0,88,89,6,95,-67.66378048314606,92.43408675852713,-160.803419,170.386898,45,380210.6875722899,0.07865168539325842,12.714285714285715,35607.49147316949,0.0936520004225273,0.21460600590269974,0.15829447383766804,0.07865168539325842,12.714285714285715,35607.49147316949,0.0936520004225273,0.033707865168539325,29.666666666666668,30807.444790543585,0.0810272982783687,0.2247191011235955,4.45,25278.79332636711,0.06648627761564652,137750.36720838174,23124.487574803235,219335.8327891049,0.36230009231971183,0.0608201934628851,0.576879714217403
1GZM,A,1GZM_fft_data.csv,seg000,1GZM_A_seg000,0,323,324,1,325,67.55007065123458,71.12171590185237,-160.711473,169.293849,163,819448.7564982339,0.006172839506172839,162.0,62071.144915101475,0.075747439266796,0.1835745820405398,0.15564690637432363,0.006172839506172839,162.0,62071.144915101475,0.075747439266796,0.021604938271604937,46.28571428571429,46361.03473192619,0.05657588026619467,0.018518518518518517,54.0,39396.56086775822,0.048076906036336305,312045.0011702071,130559.15325852169,376844.60206950514,0.3807986755677988,0.15932558591759005,0.4598757385146112
1LYZ,A,1LYZ_fft_data.csv,seg001,1LYZ_A_seg001,7,62,56,10,66,4.933025428571431,99.04260023259585,-142.870213,128.959426,29,276274.6964873551,0.14285714285714285,7.0,54777.399810154595,0.19827150479798542,0.17563087980900544,0.13029317201050436,0.14285714285714285,7.0,54777.399810154595,0.19827150479798542,0.05357142857142857,18.666666666666668,29999.4489017517,0.10858558269423256,0.07142857142857142,14.0,27372.34671898232,0.09907656063694249,93282.520186673,84446.50312003915,98545.67318064296,0.3376440961575447,0.30566137324090487,0.3566945306015505
1LYZ,A,1LYZ_fft_data.csv,seg002,1LYZ_A_seg002,63,122,60,68,128,49.11111366666667,84.88210603429108,-133.214624,115.821105,31,216474.51813915593,0.016666666666666666,60.0,29995.117291475974,0.1385618850168511,0.17315376764071017,0.13276559944107333,0.016666666666666666,60.0,29995.117291475974,0.1385618850168511,0.1,10.0,27533.996818601692,0.12719278488427938,0.13333333333333333,7.5,22254.445860430587,0.10280399767941648,57315.62101977278,81152.90493069463,78005.99218868853,0.26476844255141696,0.3748843310903099,0.36034722635827315
1PKK,A,1PKK_fft_data.csv,seg000,1PKK_A_seg000,0,179,180,1,181,-42.219782761111105,100.13673918059149,-169.985953,144.879245,91,902657.9654601782,0.016666666666666666,60.0,98460.70922301333,0.10907864660876028,0.16442505104984034,0.14304771928123874,0.016666666666666666,60.0,98460.70922301333,0.10907864660876028,0.02777777777777778,36.0,77000.71646788107,0.0853044225102759,0.23333333333333334,4.285714285714286,48478.597303809234,0.05370649698869569,371708.0964873704,141876.41285219908,389073.45612060884,0.41179285034932617,0.15717627083683905,0.4310308788138349
1TEN,A,1TEN_fft_data.csv,seg000,1TEN_A_seg000,0,86,87,803,890,-64.4736311954023,94.79320970764994,-162.476605,171.119893,44,390880.23839051457,0.08045977011494253,12.428571428571429,67676.06419419307,0.17313759445311305,0.18750013622152042,0.16020488098255073,0.08045977011494253,12.428571428571429,67676.06419419307,0.17313759445311305,0.011494252873563218,87.0,39269.21784450422,0.10046355376316503,0.034482758620689655,29.0,24915.405115090547,0.06374178755539554,187676.32904892633,41726.36065833537,161477.54868325288,0.48013767547241815,0.10674973191314943,0.41311259261443245
1UBQ,A,1UBQ_fft_data.csv,seg000,1UBQ_A_seg000,0,73,74,1,75,-27.53398432432432,101.30705522264222,-143.914055,112.463759,38,379966.09202228603,0.04054054054054054,24.666666666666664,72907.54535846903,0.19187908313195695,0.1426632254923498,0.12064168362013715,0.04054054054054054,24.666666666666664,72907.54535846903,0.19187908313195695,0.02702702702702703,37.0,34108.232618596936,0.08976651689381904,0.013513513513513514,74.0,31224.210173866297,0.08217630685854703,167856.92520882207,81082.61313282399,131026.55368063989,0.4417681701949784,0.21339433921926979,0.3448374905857516
2HHB,A,2HHB_fft_data.csv,seg000,2HHB_A_seg000,0,138,139,1,140,79.76267934532373,53.20942031014108,-117.964236,117.165768,70,196771.34747701712,0.04316546762589928,23.166666666666664,28472.00112707533,0.14469586904872347,0.14187592931106036,0.1265855237000972,0.04316546762589928,23.166666666666664,28472.00112707533,0.14469586904872347,0.02158273381294964,46.33333333333333,23764.41527756409,0.12077172607835993,0.06474820143884892,15.444444444444445,12071.342716946414,0.06134705520760001,93559.36908915672,37819.48974476105,65392.488643099365,0.4754725232548629,0.1922001868141822,0.33232728993095506
2IGF,H,2IGF_fft_data.csv,seg000,2IGF_H_seg000,0,135,136,1,133,-41.48920741911764,103.81963445115879,-163.27294,162.758671,69,734313.3001304317,0.08088235294117647,12.363636363636363,49165.209516248025,0.0669539956684907,0.22447692275231873,0.14028958648236778,0.08088235294117647,12.363636363636363,49165.209516248025,0.0669539956684907,0.3529411764705882,2.8333333333333335,40483.847963363405,0.055131573888383203,0.09558823529411764,10.461538461538462,33981.75677104831,0.04627691853737681,150120.50182464346,183182.17007978432,401010.6282260038,0.2044365828563618,0.24946050963157929,0.5461029075120588
2IGF,H,2IGF_fft_data.csv,seg001,2IGF_H_seg001,136,157,22,133,156,-58.25842018181818,104.14063638623978,-136.111174,167.726383,12,122487.82485639627,0.13636363636363635,7.333333333333334,21891.6452752906,0.1787250716628872,0.28060752217270607,0.1328926002203274,0.13636363636363635,7.333333333333334,21891.6452752906,0.1787250716628872,0.3181818181818182,3.142857142857143,21541.05965928457,0.1758628637951497,0.4090909090909091,2.444444444444444,16947.00265687163,0.1383566299486513,11425.214820497053,24164.45080882522,86898.15922707401,0.09327633039358713,0.1972804304195574,0.7094432391868556
2IGF,H,2IGF_fft_data.csv,seg003,2IGF_H_seg003,160,167,8,162,171,-54.628646125,76.32258001235684,-135.589335,94.25969,5,25584.04364056046,0.375,2.6666666666666665,11288.817649915913,0.4412444650469105,0.3035601750683471,0.14477724530962516,0.375,2.6666666666666665,11288.817649915913,0.4412444650469105,0.125,8.0,9460.525845518738,0.3697822743907534,0.5,2.0,4566.997523180017,0.17850960494530996,0.0,9460.525845518738,16123.51779504172,0.0,0.3697822743907534,0.6302177256092465
2IGF,H,2IGF_fft_data.csv,seg004,2IGF_H_seg004,168,177,10,171,183,-35.1703681,97.61877512598768,-138.471893,125.370038,6,50231.201832810315,0.1,10.0,18240.522478258514,0.3631313170441417,0.2714485219464785,0.14410156938443397,0.1,10.0,18240.522478258514,0.3631313170441417,0.4,2.5,13284.743919784105,0.26447195040248267,0.30000000000000004,3.333333333333333,12056.032620268397,0.24001083351331576,0.0,18240.522478258514,31990.6793545518,0.0,0.3631313170441417,0.6368686829558583
2IGF,H,2IGF_fft_data.csv,seg005,2IGF_H_seg005,178,191,14,183,198,-59.15340678571429,99.60749030063276,-142.063019,136.105134,8,87095.68321810858,0.5,2.0,35288.23670034807,0.40516631130819447,0.3436424932688699,0.15912459852061916,0.5,2.0,35288.23670034807,0.40516631130819447,0.14285714285714285,7.0,12921.541290992924,0.14836029540791673,0.21428571428571427,4.666666666666667,8795.103267906492,0.1009820802011672,8052.797324799385,12921.541290992924,66121.34460231627,0.09245920150408879,0.14836029540791673,0.7591805030879945
2IGF,H,2IGF_fft_data.csv,seg008,2IGF_H_seg008,200,215,16,208,226,3.852487875000003,107.93355349438397,-138.479663,120.726132,9,93794.91081112206,0.375,2.6666666666666665,28521.168014230225,0.3040801229787856,0.26184628369772855,0.1309757106263191,0.375,2.6666666666666665,28521.168014230225,0.3040801229787856,0.25,4.0,16177.920651002605,0.17248185974162952,0.0625,16.0,15663.654251251703,0.1669989780447057,15663.654251251703,13618.701929501809,64512.55463036854,0.1669989780447057,0.1451965976802968,0.6878044242749974
2PTN,A,2PTN_fft_data.csv,seg000,2PTN_A_seg000,0,18,19,16,37,-35.41904884210527,98.17570529287416,-141.189719,110.25231,10,91565.45654265615,0.15789473684210525,6.333333333333334,29686.849364452046,0.32421450714464906,0.17641843271475244,0.11212840381880208,0.15789473684210525,6.333333333333334,29686.849364452046,0.32421450714464906,0.05263157894736842,19.0,25645.531182190258,0.2800786688618014,0.3157894736842105,3.166666666666667,13458.967606193817,0.14698739147250253,25645.531182190258,34461.4896647475,31458.435695718377,0.2800786688618014,0.37635906559034604,0.34356226554785246
2PTN,A,2PTN_fft_data.csv,seg001,2PTN_A_seg001,19,49,31,37,69,-65.46300525806451,94.93064306332606,-171.602988,117.234666,16,139683.3183824575,0.12903225806451613,7.75,38106.0631111734,0.2728032491813929,0.22732175200914792,0.13237571634986767,0.12903225806451613,7.75,38106.0631111734,0.2728032491813929,0.0967741935483871,10.333333333333334,21422.503420360958,0.1533647945111487,0.3548387096774194,2.818181818181818,16176.509071927103,0.1158084534306043,6535.164402713095,59872.68184641319,73275.47213333125,0.0467855752454248,0.42863158278127256,0.5245828419733027
2PTN,A,2PTN_fft_data.csv,seg002,2PTN_A_seg002,50,106,57,69,127,-35.88205080701754,98.30568289271834,-148.250333,122.397823,29,275424.20773660514,0.43859649122807015,2.2800000000000002,33330.31828102439,0.12101448363935745,0.2518131274718474,0.1344905084301135,0.43859649122807015,2.2800000000000002,33330.31828102439,0.12101448363935745,0.24561403508771928,4.071428571428572,30959.365024653915,0.11240611447727611,0.3157894736842105,3.166666666666667,22849.18224923773,0.08295996360308662,38412.791339852476,48366.02406538864,188645.39233136404,0.13946773834995493,0.17560556663792692,0.6849266950121182
2PTN,A,2PTN_fft_data.csv,seg004,2PTN_A_seg004,111,160,50,132,182,-30.62402048,102.77678521096529,-146.393721,162.813042,26,270053.9853753218,0.04,25.0,55018.90359954935,0.20373298147436675,0.22853988758074614,0.15974835546238345,0.04,25.0,55018.90359954935,0.20373298147436675,0.24,4.166666666666667,23046.46953888108,0.08534023116470964,0.16,6.25,22039.196237999437,0.08161033508677644,84660.27585081792,37527.65179624393,147866.05772825994,0.3134938954267119,0.138963517772522,0.547542586800766
2PTN,A,2PTN_fft_data.csv,seg006,2PTN_A_seg006,162,177,16,189,209,-77.7409460625,68.0643579372417,-139.690635,103.792079,9,37116.50807736358,0.1875,5.333333333333333,9569.728125080655,0.25782943010517173,0.2596594875648021,0.13364457689254858,0.1875,5.333333333333333,9569.728125080655,0.25782943010517173,0.4375,2.2857142857142856,8082.4265569354775,0.21775826918008878,0.0625,16.0,6589.167636619333,0.17752660414296625,6589.167636619333,965.2923167077525,29562.04812403649,0.17752660414296625,0.026007088670511543,0.7964663071865221
2PTN,A,2PTN_fft_data.csv,seg007,2PTN_A_seg007,178,186,9,209,219,-16.065201777777776,113.90977202961899,-150.583968,166.102927,5,58389.46273727894,0.1111111111111111,9.0,37509.96319062745,0.6424098019089854,0.19674433392574814,0.12359488418456502,0.1111111111111111,9.0,37509.96319062745,0.6424098019089854,0.3333333333333333,3.0,10435.197968151091,0.1787171431102877,0.4444444444444444,2.25,6843.00166933631,0.11719583206521567,0.0,37509.96319062745,20879.499546651485,0.0,0.6424098019089854,0.3575901980910145
2PTN,A,2PTN_fft_data.csv,seg008,2PTN_A_seg008,187,208,22,222,244,41.93426399999999,89.21708786197917,-132.903148,111.422851,12,90017.30575275196,0.045454545454545456,22.0,45326.81092660175,0.5035344098289238,0.141866492848669,0.14412401539092817,0.045454545454545456,22.0,45326.81092660175,0.5035344098289238,0.09090909090909091,11.0,15592.751825717784,0.17321949035606513,0.18181818181818182,5.5,5863.927688041603,0.0651422261420253,45326.81092660175,19360.430245183044,25330.06458096716,0.5035344098289238,0.21507453576048813,0.281391054410588
